Process Order,Brand Flour,Production Plan (MT),"Weight (MT)
(cleaning scale)","Weight (MT)
(Flow balancer)",Water (MT),"Wheat input 
B1 scale (MT)","Moisture
RM","Moisture
B1/IBK","Moisture F1
LCL = 12.8
UCL = 13.5",
2766    ,PL-VT28,90.00,85.305,89.072,5.872,89.264, 10.50 , 16.50 , 14.20 ,
2765    ,PL-C/P(NOODLE),90.00,85.328,87.894,4.253,87.622, 11.00 , 15.20 , 13.50 ,
2772    ,PL-VT34,90.00,85.334,89.02,5.669,90.451, 10.90 , 15.90 , 13.90 ,
2769    ,PL-DNS(BREAD),70.00,67.188,68.101,4.043,70.021, - , 15.20 , 13.90 ,
2770    ,PL-VT28,90.00,85.285,90.088,4.367,87.263, 10.60 , - , 13.10 ,
2780    ,PL-VT28,80.00,75.292,76.743,4.36,77.784, - , 15.60 , 13.10 ,
2768    ,PL-APW10.5%,90.00,84.778,86.645,3.983,83.771, 10.20 , 14.90 , 13.30 ,
2781    ,PL-VT28,80.00,74.402,76.369,4.303,76.641, 10.40 , 15.80 , 12.80 ,
2788    ,PL-C/P 2,90.00,86.253,89.274,4.446,88.768, - , 15.10 , 12.90 ,
2789    ,PL-ASW,80.00,81.181,82.402,4.748,83.765, - , 15.00 , 13.45 ,
2790    ,PL-VT28,80.00,80.306,82.345,4.713,83.254, 10.65 , - , 13.00 ,
2791    ,PL-VT28(FOOD),90.00,85.233,86.886,4.724,87.560, 10.80 , - , 13.10 ,
2792    ,PL-DNS(BREAD),80.00,72.481,73.842,3.002,72.443, 11.20 , 15.25 , 13.20 ,
2793    ,PL-VT28,80.00,75.254,76.667,4.420,77.982, 10.80 , - , 12.70 ,
2799    ,PL-APW10.5%,90.00,82.578,84.941,4.268,82.396,10.30, 14.90 , 12.90 ,
2800    ,PL-VT28,80.00,75.295,77.133,4.143,77.655, - , 14.80 , 12.80 ,
2801    ,PL-VT28,80.00,68.834,70.561,3.589,69.561, - , 15.20 , 12.80 ,
2809    ,PL-VT28,80.00,81.606,84.075,4.646,85.315, 10.90 , 15.50 , 13.20 ,
2810    ,PL-VT28,80.00,79.631,80.748,4.477,82.142, 10.40 , 16.20 , 13.70 ,
2808    ,PL-VT34,90.00,85.324,88.261,5.148,89.103, 10.20 , 15.50 , 13.30 ,
2813    ,PL-VT28,80.00,78.794,80.657,4.302,81.672, 10.70 , 15.40 , 13.60 ,
2815    ,PL-DNS(BREAD),90.00,87.195,89.323,2.764,87.778, 12.00 , 15.30 , 13.25 ,
2819    ,PL-VT34,90.00,80.280,82.310,4.986,84.635, 10.50 , 15.70 , 13.50 ,
2820    ,PL-ASW,80.00,75.232,75.993,4.391,78.992, - , 14.90 , 13.70 ,
2822    ,PL-C/P(NOODLE),90.00,83.665,86.514,4.846,87.228, - , 15.10 , 13.70 ,
2824    ,PL-APW10.5%,90.00,83.323,86.08,4.243,68.627, 10.40 , - , 13.60 ,
2829    ,PL-C/P 2,90.00,84.939,87.68,4.782,88.205, 10.70 , 15.50 , 13.30 ,
2838    ,PL-C/P(NOODLE),90.00,84.590,87.520,4.961,88.275, 10.30 , 15.90 , 13.20 ,
2839    ,PL-DNS(BREAD),90.00,50.207,51.347,1.852,50.337, 11.80 , 15.20 , 13.90 ,
2844    ,PL-VT28,90.00,83.879,85.340,2.676,84.854, 12.30 , 15.20 , 13.40 ,
2845    ,PL-VT28,90.00,83.193,85.826,4.791,87.120, 12.30 , 15.20 , 13.40 ,
2823    ,PL-VT34,80.00,75.327,77.283,5.484,81.083, 9.90 , 15.90 , 13.40 ,
2848    ,PL-ASW,90.00,84.729,85.436,4.228,84.642, - , 15.10 , 13.50 ,
2857    ,PL-APW10.5%,80.00,73.086,74.911,3.801,74.634, 10.20 , 14.40 , 12.90 ,
2858    ,PL-VT28(FOOD),90.00,84.649,85.735,1.873,83.949, 12.10 , 14.90 , 13.00 ,
2859    ,PL-VT34,80.00,75.076,76.869,5.190,78.034, 9.95 , 15.80 , 13.50 ,
2860    ,PL-DNS(BREAD),80.00,66.255,67.867,3.359,68.536, 11.70 , 15.40 , 13.10 ,
2861    ,PL-APW10.5%,90.00,48.617,49.607,2.606,49.280, - , 14.80 , 13.40 ,
2862    ,PL-ASW,80.00,79.029,79.605,3.844,79.861, 10.80 , 14.70 , 12.80 ,
2870    ,PL-C/P(NOODLE),90.00,88.419,91.571,5.084,91.681, 10.40 , 15.10 , 13.00 ,
2814    ,PL-VT28,90.00,83.479,86.373,4.899,87.557, 10.30 , 15.40 , 13.20 ,
2873    ,PL-DNS(BREAD),90.00,85.203,87.192,3.713,86.076, 11.80 , 15.40 , 13.30 ,
2847    ,PL-VT34,80.00,71.714,73.863,5.202,76.142, - , 15.90 , 13.50 ,
2881    ,PL-VT28,80.00,72.249,74.925,4.514,76.448, - , 15.90 , 13.20 ,
2882    ,PL-VT34,80.00,76.966,79.256,5.437,82.227, 9.90 , 15.55 , 13.45 ,
2884    ,PL-VT28,80.00,75.247,77.822,4.641,78.718, 10.40 , 15.70 , 13.10 ,
2885    ,PL-VT28,80.00,71.503,74.036,4.317,75.335, 10.60 , - , 13.15 ,
2886    ,PL-VT28(FOOD),80.00,76.362,77.138,1.816,76.284, 10.90 , 14.80 , 13.00 ,
2887    ,PL-VT28,80.00,73.550,75.759,4.465,78.019, 10.90 , 15.30 , 13.30 ,
2893    ,PL-APW10.5%,90.00,82.167,85.012,4.362,84.151, 10.65 , 14.60 , 13.50 ,
2895    ,PL-VT34,70.00,78.359,80.804,4.859,82.227, 10.70 , 15.80 , 13.70 ,
2908    ,PL-VT28,60.00,85.318,87.992,5.042,88.824, - , 15.70 , 13.40 ,
2896    ,PL-DNS(BREAD),90.00,85.269,86.714,4.146,87.062, 11.10 , 15.20 , 13.20 ,
2894    ,PL-VT28,90.00,85.29,87.873,4.875,88.714, 10.80 , 15.80 , 13.50 ,
2909    ,PL-VT28,90.00,85.306,87.784,4.609,89.086, - , 15.50 , 13.40 ,
2871    ,PL-C/P(NOODLE),90.00,87.424,90.583,4.336,91.415, 10.80 , 15.10 , 13.50 ,
2919    ,PL-ASW,90.00,87.941,89.321,4.404,90.309, - , 14.90 , 13.50 ,
2922    ,PL-APW10.5%,90.00,77.572,79.52,2.444,78.949, 10.60 , 14.80 , 13.30 ,
2925    ,PL-DNS(BREAD),90.00,85.097,86.924,2.505,86.976, 11.10 , 15.10 , 13.70 ,
2928    ,PL-VT28(FOOD),90.00,85.297,86.046,0.870,85.910, 12.20 , 15.10 , 13.40 ,
2929    ,PL-VT28,90.00,87.597,91.415,4.777,91.392, 11.20 , 15.50 , 13.50 ,
2936    ,PL-APW10.5%,90.00,86.323,87.324,4.040,87.340, 10.70 , 15.10 , 13.50 ,
2937    ,PL-ASW,90.00,86.503,89.169,4.634,89.320, 10.00 , 14.40 , 13.60 ,
2946    ,PL-SW10.5%,20.00,19.514,19.794,0.839,18.978, 10.00 , 14.10 , 13.20 ,
2948    ,PL-C/P(NOODLE),90.00,81.482,84.063,4.014,83.545, 10.80 , 15.40 , 13.60 ,
2949    ,PL-DNS(BREAD),90.00,85.220,87.144,3.491,85.605,11.40, 15.60 , 13.80 ,
2954    ,PL-APW10.5%,90.00,81.024,82.815,3.752,82.506, 10.40 , 14.20 , 13.30 ,
2955    ,PL-VT28,90.00,81.521,84.160,4.500,84.481, 10.80 , 15.50 , 13.50 ,
2967    ,PL-C/P(NOODLE),90.00,80.665,82.989,4.171,83.876, 10.80 , 15.20 , 13.50 ,
2960    ,PL-VT28,80.00,75.355,78.014,4.295,78.705, - , 15.40 , 13.10 ,
2961    ,PL-VT28,80.00,75.301,78.247,4.640,79.419, 10.10 , 15.10 , 12.90 ,
2968    ,PL-VT28,90.00,85.299,88.911,5.514,91.337, 10.10 , 15.10 , 13.10 ,
2969    ,PL-VT28,90.00,85.302,88.834,5.502,91.169, 10.10 , 15.10 , 13.00 ,
2975    ,PL-APW10.5%,90.00,61.635,63.144,2.917,63.139, 10.70 , 14.90 , 13.30 ,
2976    ,PL-ASW,90.00,83.375,85.044,4.665,87.945, 10.30 , 14.80 , 13.00 ,
2981    ,PL-DNS(BREAD),90.00,79.417,81.057,3.421,80.190, 11.30 , 15.30 , 13.40 ,
2982    ,PL-VT28(FOOD),90.00,85.342,86.009,2.023,87.340, 12.10 , 14.50 , 13.45 ,
2988    ,PL-VT28,90.00,85.328,88.569,5.634,89.573, 10.00 , 15.30 , 13.20 ,
2989    ,PL-VT28,90.00,85.310,88.631,5.654,89.164, - , 15.70 , 13.00 ,
2994    ,PL-VT28,80.00,85.314,88.732,5.611,88.423, 10.30 , 15.50 , 13.15 ,
2999    ,PL-C/P(NOODLE),90.00,81.416,84.664,4.425,84.646, 10.40 , 14.90 , 12.90 ,
2995    ,PL-VT28,80.00,75.213,77.726,4.975,78.437, 10.50 , 15.60 , 13.10 ,
3003    ,PL-APW10.5%,90.00,83.136,85.624,4.265,84.266, 10.40 , 14.50 , 13.10 ,
3004    ,PL-ASW,80.00,75.277,76.209,3.561,77.277, 10.60 , 14.70 , 12.50 ,
3001    ,PL-VT28,80.00,75.287,76.944,4.617,78.253, 10.40 , 15.80 , 12.90 ,
3010    ,PL-APW10.5%,90.00,82.013,84.250,4.375,84.589, 10.50 , 15.20 , 13.30 ,
3011    ,PL-DNS(BREAD),90.00,79.632,81.531,3.53,81.895, 11.30 , 15.00 , 13.10 ,
3018    ,PL-VT34,90.00,85.246,87.327,4.401,86.664, 10.50 , 15.30 , 13.10 ,
3019    ,PL-VT28,80.00,75.275,77.333,4.087,76.377, 11.60 , 15.70 , 13.40 ,
3002    ,PL-VT28(FOOD),80.00,90.921,90.627,3.108,92.516, 11.30 , 14.50 , 12.80 ,
3026    ,PL-C/P(NOODLE),90.00,83.536,86.354,4.291,84.985, 11.30 , 15.50 , 13.50 ,
3027    ,PL-VT28,80.00,80.356,82.27,4.133,81.557, 11.60 , 16.30 , 13.40 ,
3028    ,PL-VT28,80.00,75.063,77.622,4.088,77.237, 11.60 , 16.00 , 13.20 ,
3032    ,PL-ASW,80.00,75.260,77.471,3.097,75.521, 11.00 , 16.00 , 13.00 ,
3031    ,PL-DNS(BREAD),90.00,80.030,82.013,3.673,82.390, 11.30 , 14.90 , 12.70 ,
3033    ,PL-VT28,80.00,75.250,77.711,4.085,76.429, 11.10 , 16.10 , 13.40 ,
3037    ,PL-C/P 2,60.00,58.943,60.357,3.093,59.681, 11.12 , 15.30 , 13.20 ,
3038    ,PL-VT28,90.00,85.239,87.866,4.551,86.559, 11.12 , 15.40 , 13.40 ,
3039    ,PL-VT28,90.00,85.237,88.131,5.026,87.867, 11.12 , 12.00 , 13.20 ,
3049    ,PL-VT28,80.00,77.65,79.836,4.333,80.069, 11.10 , 16.30 , 13.50 ,
3047    ,PL-ASW,90.00,84.286,85.699,3.658,84.250,11.10, 14.40 , 13.50 ,
3048    ,PL-APW10.5%,80.00,66.729,68.963,3.217,67.486, 10.90 , 15.30 , 13.50 ,
3055    ,PL-C/P(NOODLE),90.00,71.053,73.136,3.740,71.726, 10.90 , 15.50 , 13.50 ,
3056    ,PL-DNS(BREAD),80.00,69.819,71.657,3.348,72.490, 10.90 , 15.40 , 13.70 ,
3057    ,PL-VT28,80.00,85.276,87.569,4.405,85.459, 11.00 , 15.70 , 13.50 ,
3059    ,PL-VT28,90.00,85.281,87.838,4.674,88.000, 11.00 , 15.60 , 13.40 ,
3060    ,PL-VT28,80.00,75.307,77.413,4.215,78.478, 10.90 , 15.80 , 13.40 ,
3061    ,PL-VT28,80.00,75.259,77.492,4.246,78.654, 10.60 , 15.60 , 13.40 ,
3072    ,PL-SW10.5%,90.00,80.980,81.966,3.487,82.330, 10.00 , 14.30 , 12.70 ,
3068    ,PL-C/P 2,60.00,57.341,59.197,2.969,57.988, 10.80 , 15.60 , 13.20 ,
3069    ,PL-VT28,90.00,79.398,80.962,4.266,80.389, 10.80 , 15.90 , 13.50 ,
3075    ,PL-VT28,90.00,85.281,87.733,4.598,88.040, 10.80 , 15.90 , 13.40 ,
3078    ,PL-VT28(FOOD),80.00,85.314,85.845,3.357,87.113, 10.90 , 14.50 , 13.20 ,
3079    ,PL-ASW,80.00,74.443,75.268,3.379,74.854, 10.70 , 14.90 , 13.30 ,
3080    ,PL-DNS(BREAD),90.00,83.880,85.347,3.928,86.241, 10.70 , 15.30 , 13.50 ,
3087    ,PL-APW10.5%,80.00,74.453,76.773,3.472,74.581, 11.20 , 15.10 , 13.40 ,
3067    ,PL-DNS(BREAD),90.00,84.834,86.684,3.888,87.290, 11.20 , 15.50 , 13.50 ,
3091    ,PL-C/P(NOODLE),90.00,83.275,85.325,4.553,86.612, 10.70 , 15.60 , 13.70 ,
3081    ,PL-ASW,80.00,73.237,74.373,3.055,75.239, 10.90 , 15.00 , 13.40 ,
3099    ,PL-APW10.5%,90.00,86.505,89.506,3.819,87.651, 11.00 , 15.10 , 13.40 ,
3077    ,PL-VT28,5.00,5.335,5.365,0.193,5.425, 11.00 , 14.70 , 13.00 ,
3106    ,PL-VT28(FOOD),55.00,54.630,54.823,2.110,56.136, 11.10 , 15.00 , 13.50 ,
3118    ,PL-ASW,90.00,83.176,86.143,3.579,84.806, 11.10 , 15.00 , 13.50 ,
3119    ,PL-VT28,80.00,72.842,76.114,3.899,75.998, 11.40 , 15.40 , 13.80 ,
3120    ,PL-APW10.5%,80.00,79.393,81.507,3.961,80.475, 10.70 , 15.10 , 13.50 ,
3121    ,PL-DNS(BREAD),90.00,84.390,85.184,3.890,86.845, 11.30 , 15.30 , 13.50 ,
3133    ,PL-C/P(NOODLE),90.00,84.909,87.807,4.701,89.430, 10.80 , 15.50 , 13.70 ,
3128    ,PL-VT28,80.00,75.299,78.287,3.726,77.715, 11.00 , 15.50 , 13.50 ,
3129    ,PL-VT28,80.00,73.783,76.799,4.002,76.647, 10.70 , 15.50 , 13.40 ,
3134    ,PL-VT28(FOOD),90.00,84.623,84.425,2.818,86.183, 11.50 , 15.50 , 13.20 ,
3135    ,PL-DNS(BREAD),80.00,76.913,77.027,3.554,77.938, 11.50 , 15.50 , 13.50 ,
3136    ,PL-VT28,80.00,75.290,78.071,3.850,75.888, 10.70 , 15.90 , 13.50 ,
3141    ,PL-APW10.5%,90.00,79.118,79.347,4.263,79.587, 10.00 , 14.20 , 13.10 ,
3145    ,PL-VT34,80.00,75.264,76.893,3.666,75.244, 10.70 , 15.60 , 13.20 ,
3142    ,PL-VT28,80.00,75.284,78.384,3.907,76.810, 10.90 , 15.80 , 13.10 ,
3146    ,PL-VT34,80.00,75.342,76.610,3.728,75.208, 11.20 , 15.80 , 13.40 ,
3076    ,PL-VT28,90.00,147.022,149.892,7.981,151.476, 11.00 , 15.55 , 13.40 ,
3147    ,PL-VT34,80.00,75.262,76.711,4.192,78.974, 11.10 , 16.20 , 13.50 ,
3153    ,PL-DNS(BREAD),90.00,80.092,81.139,4.008,81.549, 11.00 , 15.40 , 13.70 ,
3154    ,PL-C/P(NOODLE),90.00,85.282,87.652,4.510,88.555, 11.00 , 15.40 , 13.70 ,
3155    ,PL-C/P 2,50.00,41.887,43.143,2.231,43.340, 11.00 , 15.40 , 13.30 ,
3164    ,PL-APW10.5%,90.00,83.160,84.597,4.914,82.987, 10.00 , 14.70 , 13.40 ,
3163    ,PL-DNS(BREAD),80.00,72.424,72.636,3.151,72.051, 11.80 , 15.30 , 13.50 ,
3165    ,PL-ASW,80.00,73.827,74.618,4.706,77.500, 9.70 , 14.80 , 13.30 ,
3171    ,PL-VT34,80.00,75.374,77.499,4.272,78.347, 10.80 , 16.00 , 13.60 ,
3143    ,PL-VT28,80.00,72.462,74.855,5.065,76.361, 10.20 , 16.00 , 13.50 ,
3170    ,PL-DNS(BREAD),90.00,84.692,84.805,3.213,84.814, 11.60 , 15.20 , 13.20 ,
3105    ,PL-VT28,90.00,85.275,87.04,5.456,89.976, 10.25 , 15.10 , 13.60 ,
3178    ,PL-VT34,90.00,83.579,86.028,4.579,87.405, 11.40 , 15.10 , 13.20 ,
3181    ,PL-DNS(BREAD),90.00,82.900,85.144,3.410,81.409, 11.70 , 15.50 , 13.60 ,
3180    ,PL-VT34,90.00,85.371,85.324,4.361,89.569, 11.50 , 15.60 , 13.50 ,
3187    ,PL-VT34,90.00,84.109,84.132,4.542,87.931, 11.60 , 16.10 , 13.80 ,
3188    ,PL-C/P(NOODLE),90.00,85.125,87.545,4.783,88.668, 10.65 , 15.10 , 13.70 ,
3191    ,PL-APW10.5%,90.00,84.165,85.903,5.244,86.404, 9.60 , 14.70 , 13.00 ,
3192    ,PL-VT34,90.00,83.929,83.731,4.570,87.238, 11.00 , 15.60 , 13.30 ,
3202    ,PL-VT34,80.00,75.370,77.125,4.242,78.105, 11.20 , 15.80 , 13.50 ,
3203    ,PL-VT34,80.00,80.149,82.092,4.573,83.421, 11.20 , 16.00 , 13.50 ,
3204    ,PL-VT28,90.00,83.389,84.657,3.329,85.931, 12.60 , 15.20 , 12.90 ,
3205    ,PL-DNS(BREAD),90.00,83.441,84.805,3.450,83.274, 11.20 , 15.80 , 13.20 ,
3206    ,PL-VT34,80.00,75.361,77.443,4.381,79.047, 11.20 , 16.00 , 13.40 ,
3174    ,PL-VT28,80.00,73.378,74.448,3.366,76.011, 12.20 , 16.30 , 13.50 ,
3211    ,PL-VT34,80.00,75.236,75.768,4.568,79.601, 11.10 , 16.30 , 13.40 ,
3212    ,PL-VT34,80.00,74.418,75.725,5.050,79.288, 9.90 , 15.80 , 13.30 ,
3210    ,PL-DNS(BREAD),90.00,83.691,86.401,3.439,83.056, 11.90 , 15.50 , 13.60 ,
3214    ,PL-VT28,90.00,85.278,85.227,5.437,88.770, 11.10 , 15.70 , 13.10 ,
3218    ,PL-VT28,80.00,75.331,76.748,4.685,77.911, 12.40 , 15.50 , 13.40 ,
3221    ,PL-VT28(FOOD),80.00,75.378,77.531,2.882,76.764, 12.40 , 15.10 , 13.20 ,
3222    ,PL-VT28,90.00,85.307,87.646,5.113,88.841, 10.80 , 16.60 , 13.50 ,
3223    ,PL-VT28,90.00,85.307,85.190,5.052,88.830, 10.80 , 15.90 , 13.20 ,
3224    ,PL-VT28,90.00,85.613,86.176,3.267,87.239, 12.20 , 15.90 , 13.50 ,
3232    ,PL-VT28,90.00,130.371,134.751,6.768,136.659, 11.35 , 15.70 , 13.10 ,
3233    ,PL-C/P(NOODLE),90.00,85.271,86.356,4.852,89.879, 10.70 , 15.10 , 13.90 ,
3236    ,PL-C/P 2,70.00,65.802,66.574,3.768,69.354, 10.30 , 15.80 , 13.20 ,
3237    ,PL-VT28,90.00,85.345,89.109,4.589,88.798, 11.00 , 16.00 , 13.70 ,
3238    ,PL-VT28,90.00,85.293,85.078,4.579,89.180, 11.00 , 15.50 , 13.50 ,
3246    ,PL-APW10.5%,80.00,74.626,76.221,4.670,76.983, 11.00 , 14.70 , 13.60 ,
3247    ,PL-C/P(NOODLE),90.00,85.341,88.366,4.705,89.602, 10.50 , 15.60 , 13.30 ,
3248    ,PL-VT28,80.00,75.302,74.991,3.684,78.099, 10.50 , 15.30 , 12.80 ,
3256    ,PL-ASW,80.00,72.289,72.840,4.945,76.176, 10.50 , 14.90 , 13.50 ,
3257    ,PL-DNS(BREAD),90.00,85.204,87.193,3.514,87.668, 11.40 , 15.10 , 13.40 ,
3258    ,PL-VT34,80.00,77.307,78.087,4.836,81.840, 10.70 , 15.70 , 13.30 ,
3265    ,PL-DNS(BREAD),90.00,81.488,83.609,3.625,82.995, 11.20 , 15.30 , 13.10 ,
3219    ,PL-VT34,80.00,81.022,81.484,5.298,85.813, 10.60 , 15.80 , 13.40 ,
3230    ,PL-VT28,80.00,85.367,86.95,4.821,89.684, 10.60 , 15.90 , 13.30 ,
3268    ,PL-C/P(NOODLE),40.00,40.247,40.603,2.217,42.072, 10.60 , 15.40 , 13.20 ,
3269    ,PL-C/P 2,50.00,42.141,42.510,2.240,43.281, 10.70 , 15.10 , 13.10 ,
3270    ,PL-VT28,80.00,78.352,80.179,4.225,82.279, 11.20 , 15.60 , 13.20 ,
3271    ,PL-VT34,80.00,72.360,72.854,4.747,76.749, 10.10 , 16.10 , 13.50 ,
3274    ,PL-APW10.5%,90.00,83.997,83.641,5.205,87.461, 9.70 , 15.10 , 13.50 ,
3275    ,PL-VT28,80.00,78.183,80.118,4.695,82.542, 11.00 , 16.10 , 13.20 ,
3281    ,PL-VT34,80.00,71.316,71.820,4.773,76.239, 10.60 , 15.80 , 13.40 ,
3282    ,PL-APW10.5%,90.00,82.872,82.108,5.181,85.228, 10.30 , 16.00 , 13.50 ,
3283    ,PL-DNS(BREAD),80.00,74.861,76.539,3.369,75.688, 11.70 , 15.20 , 13.60 ,
3276    ,PL-VT28,80.00,75.487,76.590,4.547,79.804, 10.60 , 16.10 , 13.90 ,
3291    ,PL-C/P(NOODLE),50.00,50.312,50.574,2.561,51.186, 10.80 , 15.50 , 13.40 ,
3292    ,PL-C/P 2,40.00,48.795,50.075,2.413,49.214, 10.80 , 15.30 , 13.40 ,
3293    ,PL-DNS(BREAD),80.00,75.314,77.313,3.608,77.026, 11.35 , 15.30 , 13.80 ,
3294    ,PL-VT28(FOOD),80.00,75.417,77.888,2.117,76.559, 12.30 , 15.60 , 13.50 ,
3298    ,PL-DNS(BREAD),80.00,83.448,85.694,4.265,85.809, 12.30 , 15.50 , 13.90 ,
3299    ,PL-C/P(NOODLE),90.00,85.284,87.624,4.146,84.307, 11.10 , 15.30 , 13.60 ,
3304    ,PL-APW10.5%,90.00,82.599,83.620,4.491,84.845, 10.20 , 15.50 , 13.60 ,
3305    ,PL-VT28,80.00,75.128,77.191,4.251,79.331, 11.00 , 16.30 , 13.90 ,
3310    ,PL-VT28,80.00,75.282,77.685,4.182,79.327, 11.30 , 16.90 , 14.00 ,
3314    ,PL-VT28,90.00,73.003,75.949,3.661,76.822, 11.30 , 16.20 , 13.60 ,
3315    ,PL-VT28,90.00,150.298,158.549,6.624,159.493, 11.85 , 16.20 , 13.90 ,
3319    ,PL-C/P(NOODLE),90.00,85.242,88.410,4.376,88.513, 10.80 , 15.20 , 13.60 ,
3320    ,PL-C/P 2,50.00,42.481,44.254,2.397,44.858, 10.70 , 15.60 , 13.50 ,
3321    ,PL-VT28,80.00,75.269,78.990,3.296,79.003, 12.10 , 15.80 , 13.40 ,
3306    ,PL-VT34,80.00,80.282,82.442,3.494,82.187, 12.00 , 16.80 , 14.00 ,
3333    ,PL-DNS(BREAD),90.00,68.801,71.226,3.553,71.801, 12.00 , 15.80 , 13.40 ,
3332    ,PL-VT28,80.00,85.207,89.664,4.050,90.382, 11.50 , 15.70 , 13.30 ,
3339    ,PL-C/P(NOODLE),90.00,85.277,88.586,4.694,88.750, 10.90 , 15.70 , 13.50 ,
3340    ,PL-C/P 2,80.00,69.843,72.181,3.943,72.573, 10.70 , 15.40 , 13.20 ,
3300    ,PL-VT34,80.00,99.356,102.837,3.705,99.227, 11.80 , 16.00 , 13.50 ,
3345    ,PL-VT28(FOOD),80.00,86.570,89.098,3.030,90.261, 12.10 , 15.40 , 13.50 ,
3346    ,PL-VT28,80.00,80.288,83.589,4.075,85.715, 11.50 , 15.70 , 13.50 ,
3348    ,PL-VT28,80.00,74.115,77.418,3.749,78.961, 11.80 , 15.80 , 13.30 ,
3344    ,PL-DNS(BREAD),90.00,82.226,85.502,4.496,85.972, 11.10 , 16.00 , 14.10 ,
3349    ,PL-APW10.5%,80.00,72.007,74.297,4.003,74.908, 10.40 , 15.30 , 13.40 ,
3350    ,PL-C/P(NOODLE),90.00,85.245,88.437,4.501,88.110, 10.80 , 15.30 , 14.10 ,
3356    ,PL-ASW,80.00,75.294,77.814,5.283,81.236, 9.40 , 15.60 , 13.10 ,
3357    ,PL-APW10.5%,90.00,81.387,83.696,4.472,82.781, 10.30 , 15.30 , 13.40 ,
3358    ,PL-VT28,80.00,75.286,78.273,3.777,82.673, 10.30 , 15.70 , 13.50 ,
3367    ,PL-VT28,80.00,80.300,83.413,4.048,85.626, 11.20 , 15.70 , 13.50 ,
3366    ,PL-DNS(BREAD),90.00,80.275,83.397,4.092,83.807, 11.20 , 15.80 , 13.40 ,
3368    ,PL-VT28,80.00,75.332,78.455,3.714,79.521, 11.20 , 15.30 , 13.70 ,
3375    ,PL-C/P(NOODLE),90.00,61.162,63.497,3.074,61.064, 11.00 , 15.60 , 13.50 ,
3376    ,PL-VT28,90.00,87.765,91.521,4.198,92.746, 11.70 , 16.20 , 13.50 ,
3377    ,PL-VT34,70.00,70.289,71.856,3.957,74.815, 11.30 , 15.70 , 13.50 ,
3384    ,PL-VT28,90.00,85.307,88.760,3.608,89.078, 11.90 , 15.80 , 13.50 ,
3385    ,PL-VT28,80.00,75.270,78.243,3.056,78.658, 11.50 , 15.80 , 13.50 ,
3383    ,PL-DNS(BREAD),80.00,70.017,72.500,3.483,73.411, 11.50 , 15.80 , 13.50 ,
3387    ,PL-VT28,90.00,85.315,88.971,3.548,89.731, 11.70 , 16.10 , 13.50 ,
3388    ,PL-VT28,90.00,85.315,88.711,3.662,89.325, 11.90 , 15.70 , 13.50 ,
3391    ,PL-VT34,80.00,80.484,83.163,4.555,85.635, 10.80 , 15.80 , 13.50 ,
3392    ,PL-VT28,80.00,80.315,82.947,3.779,85.143, 11.30 , 15.60 , 13.20 ,
3393    ,PL-VT28(FOOD),90.00,82.994,83.165,3.891,85.743, 10.30 , 15.20 , 13.00 ,
3400    ,PL-C/P(NOODLE),90.00,82.820,84.023,4.514,84.459, 10.70 , 15.80 , 13.50 ,
3401    ,PL-APW10.5%,80.00,75.247,76.325,4.204,79.346, 10.10 , 15.80 , 13.30 ,
3402    ,PL-VT28,80.00,75.331,77.355,3.671,78.341, 10.90 , 15.90 , 13.40 ,
3406    ,PL-DNS(BREAD),80.00,71.198,72.943,3.655,73.343, 11.10 , 15.80 , 13.60 ,
3408    ,PL-VT28,80.00,73.524,73.803,4.640,77.316, 10.30 , 15.80 , 13.30 ,
3407    ,PL-C/P(NOODLE),90.00,81.831,83.285,5.146,86.796, 10.00 , 15.40 , 13.40 ,
3411    ,PL-DNS(BREAD),80.00,68.390,70.482,3.544,71.382, 11.00 , 15.80 , 13.30 ,
3412    ,PL-VT28,90.00,72.403,72.578,3.289,74.243, 10.90 , 16.80 , 13.40 ,
3413    ,PL-VT28,80.00,73.364,73.549,2.641,76.232, 11.00 , 15.80 , 13.30 ,
3420    ,PL-DNS(BREAD),90.00,79.071,81.213,4.104,81.589, 11.20 , 16.00 , 13.50 ,
3421    ,PL-VT28,80.00,75.302,75.683,2.911,78.434, 12.40 , 15.80 , 13.50 ,
3422    ,PL-VT28,80.00,75.296,76.241,3.189,79.093, 11.80 , 15.90 , 13.30 ,
3425    ,PL-VT28,80.00,77.578,78.439,3.879,81.812, 11.20 , 15.50 , 13.70 ,
3426    ,PL-C/P(NOODLE),90.00,82.944,84.683,5.193,88.228, 10.20 , 15.60 , 13.30 ,
3431    ,PL-VT28,80.00,75.287,76.274,4.136,79.014, 10.60 , 15.20 , 13.10 ,
3437    ,PL-VT34,80.00,80.401,81.962,4.833,85.837, 11.10 , 16.20 , 13.40 ,
3433    ,PL-VT28,80.00,71.859,72.892,4.518,75.875, 10.90 , 15.60 , 13.50 ,
3434    ,PL-C/P(NOODLE),90.00,83.018,84.861,5.058,88.060, 10.20 , 15.50 , 13.10 ,
3427    ,PL-DNS(BREAD),90.00,78.870,81.083,4.204,81.799, 11.00 , 16.30 , 13.70 ,
3438    ,PL-VT34,80.00,75.543,77.173,4.348,80.058, 11.00 , 15.90 , 13.80 ,
3441    ,PL-VT28,80.00,75.752,76.644,4.529,79.511, 11.00 , 15.90 , 13.30 ,
3442    ,PL-APW10.5%,90.00,36.647,37.396,2.083,37.178, 10.50 , 15.20 , 13.40 ,
3432    ,PL-VT28,80.00,75.308,75.831,4.688,78.954, 10.50 , 15.90 , 13.25 ,
3452    ,PL-VT28,80.00,85.242,86.032,5.208,88.989, 10.60 , 15.60 , 13.25 ,
3453    ,PL-VT28,80.00,85.256,86.227,5.261,88.849, 10.60 , 16.00 , 13.50 ,
3454    ,PL-VT28,90.00,85.274,86.277,5.216,81.799, 11.10 , 16.00 , 13.50 ,
3455    ,PL-VT28,80.00,75.306,75.571,4.555,79.302, 11.20 , 15.80 , 13.70 ,
3456    ,PL-VT28,80.00,75.303,75.715,4.856,79.890, 10.70 , 15.60 , 13.20 ,
3457    ,PL-VT28,90.00,78.937,79.450,5.256,84.325, 10.20 , 15.50 , 13.30 ,
3465    ,PL-C/P(NOODLE),90.00,80.045,81.101,4.764,83.072, 10.50 , 15.50 , 13.95 ,
3464    ,PL-APW10.5%,80.00,97.280,98.588,5.759,100.032, 10.00 , 15.30 , 13.70 ,
3466    ,PL-VT28,80.00,75.308,75.524,4.949,79.063, 10.20 , 15.70 , 13.20 ,
3471    ,PL-ASW,80.00,77.179,78.521,4.135,77.887, 10.60 , 15.70 , 13.40 ,
3478    ,PL-SW10.5%,50.00,51.597,53.038,2.642,49.388, 10.20 , 15.10 , 13.40 ,
3472    ,PL-VT28,90.00,87.292,87.195,6.107,91.618, 10.30 , 16.30 , 13.50 ,
3479    ,PL-DNS(BREAD),90.00,81.412,84.762,4.268,84.778, 11.40 , 16.20 , 13.70 ,
3488    ,PL-C/P 2,50.00,47.981,49.668,2.663,50.101, 10.30 , 16.20 , 15.20 ,
3489    ,PL-APW10.5%,80.00,75.637,77.535,4.445,78.438, 10.70 , 15.10 , 13.30 ,
3501    ,PL-VT28,90.00,81.239,81.284,5.505,80.153, 9.70 , 15.60 , 12.80 ,
3502    ,PL-VT28,90.00,75.278,77.480,3.595,85.168, 11.50 , 15.60 , 15.80 ,
3490    ,PL-VT34,90.00,59.037,60.400,2.525,61.699, 11.30 , 15.40 , 13.30 ,
3507    ,PL-VT28,90.00,156.915,160.024,6.924,166.264, 12.00 , 15.80 , 13.50 ,
3508    ,PL-C/P(NOODLE),70.00,70.234,72.706,4.105,74.985, 11.20 , 16.10 , 13.60 ,
3516    ,PL-C/P 2,20.00,17.760,18.513,0.917,18.870, 10.80 , 15.10 , 13.50 ,
3509    ,PL-VT28(FOOD),80.00,80.275,81.245,2.618,84.147, 10.80 , 15.10 , 13.45 ,
3510    ,PL-VT28,80.00,75.267,78.175,3.608,79.989, 11.60 , 15.70 , 13.40 ,
3480    ,PL-VT28,80.00,76.989,79.996,3.675,81.672, 12.10 , 15.80 , 13.50 ,
3517    ,PL-VT34,80.00,75.299,77.334,3.765,80.362, 11.70 , 15.60 , 13.70 ,
3518    ,PL-APW10.5%,90.00,83.139,86.216,4.890,85.929, 10.60 , 15.30 , 13.40 ,
3525    ,PL-DNS(BREAD),90.00,84.057,87.941,3.869,87.118, 11.60 , 15.80 , 14.00 ,
3540    ,PL-C/P(NOODLE),90.00,85.283,86.982,4.398,88.878, 11.00 , 15.10 , 13.35 ,
3541    ,PL-C/P 2,60.00,57.183,58.389,2.927,59.967, 11.10 , 15.30 , 13.50 ,
3543    ,PL-VT34,80.00,72.802,74.454,3.597,77.381, 11.90 , 15.90 , 13.50 ,
3542    ,PL-SW10.5%,60.00,54.311,56.636,3.680,59.227, 9.70 , 14.10 , 13.50 ,
3546    ,PL-VT28,90.00,86.288,87.911,3.381,89.288, 11.60 , 15.20 , 13.00 ,
3547    ,PL-VT28,80.00,79.417,81.202,3.391,83.483, 11.15 , 16.20 , 13.30 ,
3550    ,PL-VT28(FOOD),90.00,84.837,88.027,2.832,89.216, 12.00 , 15.30 , 13.70 ,
3351    ,PL-VT28,90.00,85.242,87.547,6.119,90.688, 11.30 , 16.20 , 13.40 ,
3526    ,PL-VT28,80.00,76.712,77.841,4.148,81.933, 11.30 , 16.20 , 13.40 ,
3556    ,PL-DNS(BREAD),90.00,79.214,81.084,3.519,81.676, 11.90 , 16.40 , 13.90 ,
3557    ,PL-APW10.5%,80.00,74.782,78.391,4.411,78.432, 10.70 , 15.40 , 13.50 ,
3568    ,PL-C/P(NOODLE),90.00,85.314,87.548,4.764,88.043, 10.40 , 15.40 , 14.00 ,
3569    ,PL-C/P 2,80.00,69.858,72.089,3.951,71.152, 10.40 , 15.80 , 13.40 ,
3533    ,PL-VT34,80.00,53.640,54.794,2.476,56.154, 11.60 , 15.90 , 13.50 ,
3575    ,PL-VT28,90.00,85.383,88.820,3.857,89.480, 11.60 , 15.90 , 13.50 ,
3576    ,PL-VT28,80.00,72.028,73.667,2.810,75.192, 11.70 , 15.70 , 13.10 ,
3577    ,PL-DNS(BREAD),80.00,71.088,71.937,2.816,73.739, 12.00 , 15.70 , 13.80 ,
3583    ,PL-VT28,90.00,85.279,86.802,3.286,89.542, 12.20 , 15.60 , 13.30 ,
3584    ,PL-VT28,80.00,72.560,74.487,2.614,75.839, 12.05 , 15.50 , 13.30 ,
3585    ,PL-VT34,80.00,75.340,78.628,3.384,78.918, 12.20 , 16.00 , 13.50 ,
3587    ,PL-VT28,80.00,82.644,86.160,3.071,86.626, 12.30 , 16.00 , 13.50 ,
3590    ,PL-VT34,80.00,80.380,82.814,4.280,85.892, 11.60 , 15.90 , 13.05 ,
3592    ,PL-APW10.5%,90.00,84.978,88.608,4.627,88.602, 10.10 , 15.20 , 13.70 ,
3593    ,PL-C/P(NOODLE),90.00,85.352,89.072,4.199,90.098, 11.00 , 15.40 , 13.43 ,
3594    ,PL-C/P 2,80.00,62.706,65.550,3.131,66.108, 11.10 , 15.10 , 13.80 ,
3595    ,PL-VT34,80.00,78.452,80.540,4.627,83.979, 11.00 , 15.70 , 13.45 ,
3602    ,PL-ASW,90.00,85.258,89.309,4.481,87.621, 10.40 , 15.30 , 13.25 ,
3603    ,PL-VT34,80.00,72.245,73.834,3.758,76.726, 11.10 , 15.60 , 13.50 ,
3613    ,PL-DNS(BREAD),90.00,80.205,81.403,3.316,83.753, 11.80 , 15.10 , 13.90 ,
3619    ,PL-VT28,80.00,75.284,77.104,2.829,77.864, 11.80 , 15.90 , 13.45 ,
3588    ,PL-VT28,80.00,75.316,77.911,2.780,78.635, 12.40 , 16.10 , 13.35 ,
3621    ,PL-DNS(BREAD),90.00,79.194,81.406,3.244,82.781, 11.60 , 15.50 , 13.15 ,
3627    ,PL-SW10.5%,40.00,52.202,54.438,3.248,55.162, 9.20 , 14.70 , 12.80 ,
3620    ,PL-VT28,90.00,76.648,78.776,2.821,79.503, 11.80 , 15.60 , 13.20 ,
3629    ,PL-VT28,90.00,85.310,87.784,3.111,88.168, 11.40 , 15.60 , 13.45 ,
3630    ,PL-VT28,90.00,85.273,88.102,3.183,88.340, 11.60 , 15.70 , 13.00 ,
3625    ,PL-VT28,90.00,85.235,87.976,3.306,88.763, 11.60 , 15.80 , 13.00 ,
3626    ,PL-VT28,90.00,85.316,88.073,3.494,88.745, 12.20 , 16.10 , 13.40 ,
3636    ,PL-C/P(NOODLE),90.00,85.082,89.046,4.654,88.340, 10.90 , 15.10 , 13.50 ,
3637    ,PL-VT28,90.00,80.100,82.500,3.459,83.000, 12.10 , 15.70 , 13.20 ,
3638    ,PL-VT28,90.00,84.975,87.953,3.792,89.869, 12.20 , 16.20 , 13.50 ,
3639    ,PL-VT28,80.00,75.313,78.232,3.367,79.736, 11.90 , 16.20 , 13.55 ,
3643    ,PL-VT28(FOOD),80.00,73.063,75.840,2.398,76.291, 11.90 , 15.20 , 13.30 ,
3653    ,PL-APW10.5%,80.00,73.441,74.425,4.337,76.120, 10.00 , 15.20 , 13.30 ,
3655    ,PL-VT28(FOOD),90.00,83.708,84.737,2.767,86.742, 12.30 , 15.30 , 13.40 ,
3656    ,PL-C/P 2,80.00,75.323,78.408,4.295,79.091, 10.80 , 15.60 , 13.50 ,
3657    ,PL-C/P(NOODLE),80.00,82.028,86.007,4.933,87.332, 10.80 , 15.50 , 13.67 ,
3642    ,PL-DNS(BREAD),90.00,81.782,84.217,3.402,82.611, 12.00 , 16.00 , 13.57 ,
3660    ,PL-VT28,80.00,75.348,78.653,3.143,79.362, 11.90 , 15.30 , 13.50 ,
3661    ,PL-VT28,90.00,74.411,77.912,3.143,78.269, 12.20 , 15.80 , 13.60 ,
3664    ,PL-VT28,80.00,75.293,77.113,3.173,79.366, 12.25 , 15.20 , 13.30 ,
3665    ,PL-VT28,80.00,74.245,75.848,3.142,78.150, 12.25 , 15.20 , 13.40 ,
3675    ,PL-APW10.5%,90.00,82.136,84.101,4.856,86.272, 10.20 , 15.30 , 13.30 ,
3676    ,PL-C/P(NOODLE),90.00,83.267,84.906,4.774,88.119, 10.50 , 15.50 , 13.85 ,
3677    ,PL-ASW,70.00,60.066,63.050,3.171,61.549, 10.30 , 14.50 , 12.85 ,
3683    ,PL-APW10.5%,90.00,82.784,84.057,4.872,85.882, 10.30 , 15.00 , 13.70 ,
3694    ,PL-DNS(BREAD),80.00,82.421,94.929,4.466,85.700, 11.20 , 15.60 , 13.70 ,
3701    ,PL-APW10.5%,80.00,72.584,73.000,4.106,74.413, 10.10 , 14.80 , 13.75 ,
3684    ,PL-DNS(BREAD),70.00,71.137,80.663,3.836,73.595, 11.50 , 15.30 , 13.45 ,
3591    ,PL-VT34,90.00,60.046,61.217,2.866,62.963, 12.10 , 15.70 , 13.50 ,
3678    ,PL-VT28,90.00,85.345,88.640,3.732,89.270, 12.10 , 16.00 , 13.30 ,
3693    ,PL-VT28,90.00,85.273,87.482,3.731,90.242, 11.80 , 15.90 , 13.45 ,
3703    ,PL-VT28,90.00,85.295,87.591,3.769,90.359, 11.90 , 15.60 , 13.30 ,
3704    ,PL-VT28,90.00,85.292,88.205,3.802,90.509, 11.90 , 15.60 , 13.55 ,
3706    ,PL-DNS(BREAD),90.00,80.563,82.727,4.316,84.489, 10.60 , 15.60 , 14.10 ,
3707    ,PL-VT28,80.00,75.315,78.920,3.389,79.487, 12.20 , 16.30 , 13.60 ,
3708    ,PL-VT28,80.00,75.278,78.859,3.376,79.036, 12.10 , 15.90 , 13.70 ,
3710    ,PL-C/P(NOODLE),90.00,86.090,88.125,4.390,88.990, 10.40 , 15.00 , 13.25 ,
3711    ,PL-VT28,90.00,85.303,89.391,3.899,89.815, 11.80 , 15.70 , 13.50 ,
3713    ,PL-C/P(NOODLE),90.00,78.828,81.251,4.210,81.167, 11.10 , 15.60 , 13.90 ,
3714    ,PL-ASW,70.00,68.546,71.320,3.734,69.855, 10.00 , 15.00 , 13.35 ,
3727    ,PL-VT28(FOOD),80.00,80.305,81.392,3.512,84.366, 11.40 , 15.00 , 13.53 ,
3728    ,PL-DNS(BREAD),90.00,80.420,81.792,4.068,83.554, 10.80 , 15.50 , 13.40 ,
3734    ,PL-C/P(NOODLE),90.00,85.323,87.845,3.706,86.571, 10.70 , 14.90 , 13.37 ,
3729    ,PL-VT28,80.00,84.157,84.640,3.541,88.633, 11.30 , 15.60 , 13.53 ,
3730    ,PL-APW10.5%,80.00,73.138,73.580,4.242,76.366, 9.90 , 15.10 , 13.30 ,
3739    ,PL-DNS(BREAD),90.00,81.829,83.098,4.224,86.568, 9.90 , 15.30 , 13.20 ,
3735    ,PL-VT28,80.00,75.248,76.149,3.366,78.569, 11.90 , 15.30 , 13.13 ,
3740    ,PL-VT28,80.00,76.137,76.979,3.699,79.731, 11.40 , 15.30 , 12.93 ,
3749    ,PL-VT34,80.00,62.284,62.559,2.756,64.739, 11.40 , 16.10 , 13.50 ,
3741    ,PL-VT28,80.00,75.248,76.204,3.951,78.702, 11.00 , 15.50 , 13.00 ,
3750    ,PL-VT28,80.00,75.272,76.240,4.143,78.959, 10.80 , 15.30 , 12.80 ,
3756    ,PL-VT28,80.00,83.906,85.729,4.719,88.640, 11.10 , 15.90 , 13.15 ,
3757    ,PL-VT28,80.00,75.263,76.185,4.378,78.999, 10.70 , 15.90 , 13.20 ,
3759    ,PL-C/P(NOODLE),90.00,85.359,89.468,4.167,89.108, 10.70 , 15.40 , 13.40 ,
3758    ,PL-VT28,90.00,85.277,86.674,5.505,89.728, 10.70 , 15.50 , 13.35 ,
3760    ,PL-VT28,80.00,75.290,76.376,5.312,79.528, 10.40 , 16.20 , 13.50 ,
3762    ,PL-C/P(NOODLE),90.00,74.295,77.728,3.632,76.652, 11.10 , 15.80 , 13.65 ,
3774    ,PL-APW10.5%,90.00,78.037,77.691,4.443,80.637, 10.10 , 14.10 , 13.20 ,
3775    ,PL-DNS(BREAD),90.00,76.118,77.353,4.039,82.171, 10.60 , 15.60 , 13.35 ,
3761    ,PL-VT28,80.00,75.257,76.426,4.399,78.497, 10.40 , 15.40 , 12.83 ,
3776    ,PL-VT28(FOOD),80.00,55.819,56.373,1.913,57.694, 11.50 , 15.10 , 13.30 ,
3777    ,PL-DNS(BREAD),80.00,76.356,80.087,3.990,79.253, 11.10 , 15.90 , 13.67 ,
3763    ,PL-VT28,80.00,75.298,76.816,4.860,78.450, 11.50 , 16.00 , 13.47 ,
3764    ,PL-VT28,80.00,75.293,76.262,4.927,78.814, 9.80 , 16.20 , 13.50 ,
3778    ,PL-VT28,90.00,85.223,86.282,5.378,88.594, 10.20 , 15.60 , 13.40 ,
3781    ,PL-VT28,90.00,79.716,82.600,4.916,81.769, 10.20 , 15.80 , 13.35 ,
3782    ,PL-VT28,90.00,85.193,85.850,4.054,89.107, 11.90 , 16.00 , 13.50 ,
3786    ,PL-VT28,90.00,85.265,85.186,3.998,89.825, 12.20 , 16.00 , 13.70 ,
3792    ,PL-VT28,80.00,75.307,76.076,2.613,78.184, 12.50 , 16.50 , 14.00 ,
3790    ,PL-APW10.5%,90.00,81.901,82.052,5.083,85.237, 9.90 , 15.60 , 13.60 ,
3795    ,PL-DNS(BREAD),90.00,81.250,81.730,4.587,85.303, 10.70 , 15.90 , 13.50 ,
3796    ,PL-VT28,80.00,75.267,75.706,2.487,77.776, 12.10 , 15.70 , 13.40 ,
3797    ,PL-VT28,80.00,75.336,75.858,2.458,77.882, 12.50 , 15.30 , 13.40 ,
3791    ,PL-ASW,80.00,72.219,74.866,3.833,73.975, 9.90 , 14.40 , 12.90 ,
3812    ,PL-VT28(FOOD),80.00,78.310,79.318,2.206,80.469, 12.40 , 14.60 , 13.15 ,
3810    ,PL-C/P(NOODLE),90.00,85.277,87.806,4.701,89.389, 11.10 , 15.70 , 13.80 ,
3811    ,PL-C/P 2,80.00,71.877,74.233,4.008,75.949, 11.10 , 15.70 , 13.55 ,
3804    ,PL-VT28,80.00,54.964,55.614,1.718,57.130, 12.30 , 15.70 , 15.70 ,
3818    ,PL-APW10.5%,90.00,45.215,45.262,2.379,46.709, 11.00 , 15.40 , 13.30 ,
3827    ,VITAL WHOLE WHEAT,750.00,744.652,748.790,0.555,754.528, - , - , - ,
3836    ,PL-APW10.5%,90.00,80.251,80.539,4.337,84.040,10.80,14.60,13.70,
3835    ,PL-C/P(NOODLE),90.00,82.210,84.228,4.670,87.120,10.70,15.30,13.60,
3837    ,PL-DNS(BREAD),80.00,75.215,76.372,3.871,78.981,11.30,15.40,13.80,
3838    ,PL-VT28,80.00,78.093,78.487,2.088,80.906,11.30,15.50,13.60,
3849    ,PL-C/P(NOODLE),90.00,81.783,84.690,4.438,86.349,10.90,14.90,13.20,
3850    ,PL-VT28,80.00,75.224,75.496,2.178,78.155,12.90,15.80,13.50,
3851    ,PL-VT28,80.00,69.121,68.983,1.921,71.775,13.00,15.30,13.60,
3858    ,PL-VT28,90.00,85.235,85.083,2.486,88.329,13.00,15.30,13.55,
3866    ,PL-C/P(NOODLE),80.00,72.579,74.836,3.899,76.560,11.30,15.20,13.50,
3867    ,PL-DNS(BREAD),90.00,81.178,82.752,4.211,85.029,10.90,15.20,13.40,
3874    ,PL-C/P 2,70.00,63.819,65.602,3.507,66.733,11.30,15.40,13.40,
3860    ,PL-VT34,70.00,70.309,72.668,3.585,74.295,11.90,16.30,13.70,
3859    ,PL-VT28,80.00,85.243,85.613,2.365,88.171,12.70,15.50,13.15,
3875    ,PL-DNS(BREAD),90.00,80.838,81.586,4.240,84.922,11.70,15.10,13.40,
3868    ,PL-VT28,90.00,85.260,85.851,2.412,88.329,11.70,15.30,13.10,
3876    ,PL-VT28,90.00,85.216,85.820,2.699,88.549,12.50,15.60,13.35,
3881    ,PL-APW10.5%,70.00,55.289,56.067,2.835,56.596,10.40,14.80,13.25,
3884    ,PL-C/P(NOODLE),90.00,63.445,64.948,3.451,66.238,11.20,15.60,13.60,
3882    ,PL-VT28,90.00,85.254,85.684,3.448,88.659,11.70,15.40,13.25,
3883    ,PL-VT28,90.00,85.258,85.735,3.968,89.427,11.40,15.40,13.00,
3885    ,PL-VT28,80.00,80.230,80.663,4.034,85.141,10.70,15.00,12.90,
3886    ,PL-VT28,80.00,66.090,66.451,3.624,70.231,12.40,15.50,13.20,
3887    ,PL-C/P(NOODLE),70.00,65.255,66.749,3.557,67.673,10.90,15.50,13.85,
3888    ,PL-VT28,90.00,85.251,85.722,4.676,88.880,11.00,15.80,13.50,
3889    ,PL-VT28,90.00,85.295,86.020,5.335,91.114,11.10,16.30,13.70,
3894    ,PL-VT28,80.00,75.218,75.719,4.390,80.093,11.00,15.80,13.45,
3895    ,PL-VT28,80.00,42.233,42.662,2.449,44.978,11.00,15.90,13.50,
3900    ,PL-C/P(NOODLE),80.00,75.273,76.777,4.013,78.548,10.90,15.50,13.70,
3896    ,PL-DNS(BREAD),90.00,80.672,83.479,4.353,83.995,10.90,15.70,13.45,
3901    ,PL-DNS(BREAD),90.00,80.807,81.465,4.372,84.688,11.00,15.60,13.65,
3902    ,PL-APW10.5%,80.00,82.912,84.494,4.271,84.591,11.00,15.00,13.40,
3903    ,PL-VT28(FOOD),80.00,72.563,72.597,2.147,75.074,12.40,15.70,13.75,
3913    ,VITAL WHOLE WHEAT,800.00,869.019,871.302,0.000,879.145, - , - , - ,
3925    ,PL-VT28,90.00,80.284,82.859,3.203,84.866,12.40,15.70,13.95,
3926    ,PL-VT28,90.00,55.450,57.058,2.037,57.650,11.50,16.60,13.95,
3928    ,PL-DNS(BREAD),90.00,70.763,71.971,3.737,74.524,10.96,15.60,13.97,
3929    ,PL-VT28,80.00,75.316,75.680,2.455,78.155,12.70,16.00,13.70,
3944    ,PL-VT34,80.00,72.159,72.534,3.534,76.374,11.80,16.00,14.20,
3940    ,PL-DNS(BREAD),90.00,81.632,83.214,4.276,85.533,11.40,15.50,13.60,
3919    ,PL-VT28,80.00,75.301,75.240,2.429,78.376,12.50,16.40,13.45,
3941    ,PL-VT28,80.00,68.307,68.367,2.101,70.833,12.40,15.30,13.50,
3949    ,PL-APW10.5%,90.00,70.215,70.557,3.600,72.488,11.10,15.00,13.45,
3950    ,PL-ASW,70.00,66.980,69.583,3.337,68.644,10.30,15.50,13.20,
3951    ,PL-DNS(BREAD),90.00,80.507,81.636,4.160,83.709,11.00,15.60,13.50,
3953    ,PL-VT34,90.00,83.488,85.392,4.177,91.842,12.10,16.00,13.55,
3939    ,PL-C/P(NOODLE),90.00,89.062,90.284,4.458,90.974,11.10,15.20,13.70,
3945    ,PL-VT28,80.00,75.316,76.030,2.542,77.884,12.00,15.20,13.47,
3959    ,PL-VT34,90.00,85.304,85.813,3.991,86.383,11.90,15.80,14.00,
3954    ,PL-VT28,90.00,85.286,85.916,2.958,88.406,12.60,15.80,14.00,
3712    ,PL-VT28,70.00,67.232,68.386,2.399,69.901,12.10,15.70,13.55,
3963    ,PL-APW10.5%,80.00,72.748,73.232,3.793,74.431,11.10,15.90,13.50,
3964    ,PL-VT28,90.00,85.238,87.600,3.257,88.997,12.40,15.50,13.50,
3965    ,PL-VT28,80.00,75.261,76.037,2.858,78.589,12.30,15.60,13.55,
3970    ,PL-C/P(NOODLE),90.00,80.915,82.984,3.692,84.433,12.00,15.70,13.65,
3971    ,PL-VT28,80.00,75.303,77.134,2.885,78.612,12.00,15.70,13.65,
3972    ,PL-VT28,80.00,75.300,78.204,2.941,78.743,12.30,16.00,13.45,
3981    ,PL-C/P(NOODLE),70.00,65.299,67.397,3.031,67.160,11.60,15.20,13.50,
3982    ,PL-C/P 2,90.00,78.055,80.168,3.681,80.355,11.00,15.10,13.40,
3983    ,PL-DNS(BREAD),90.00,80.904,82.307,4.179,84.204,11.20,15.60,13.45,
3989    ,PL-VT28(FOOD),90.00,83.557,85.577,2.747,86.238,11.90,15.20,13.25,
3988    ,PL-ASW,70.00,67.053,67.366,3.421,68.420,10.40,14.10,13.35,
3987    ,PL-APW10.5%,90.00,77.326,79.103,4.252,81.451,10.40,15.40,13.50,
3994    ,VITAL WHOLE WHEAT,1000.00,920.014,924.661,0.002,938.453, - , - , - ,
3927    ,PL-C/P(NOODLE),90.00,85.255,87.637,3.941,89.181,11.30,15.20,13.77,
4010    ,PL-C/P(NOODLE),80.00,75.078,77.107,3.191,77.164,11.20,15.30,13.75,
4011    ,PL-DNS(BREAD),80.00,77.050,80.921,3.898,81.510,10.80,14.60,13.20,
4012    ,PL-DNS(BREAD),80.00,71.944,72.651,3.742,76.505,11.40,15.60,13.47,
4014    ,PL-ASW,80.00,73.058,74.284,4.080,76.270,10.10,15.00,13.30,
4013    ,PL-APW10.5%,90.00,85.312,87.208,3.812,88.992,10.10,15.40,13.45,
4017    ,PL-DNS(BREAD),80.00,71.924,74.973,3.717,75.242,12.50,15.60,13.50,
4019    ,PL-C/P(NOODLE),90.00,84.042,86.624,3.864,87.836,11.40,15.20,13.56,
4018    ,PL-DNS(BREAD),80.00,71.837,72.521,3.693,74.688,11.40,15.80,13.50,
4029    ,PL-C/P(NOODLE),90.00,81.419,84.728,3.788,84.590,11.90,15.20,13.50,
3715    ,PL-VT28,80.00,78.300,79.812,3.062,82.370,12.20,15.70,13.60,
3805    ,PL-VT28,80.00,78.244,80.042,2.996,82.511, 12.60 , 15.60 , 13.60 ,
4030    ,PL-APW10.5%,90.00,85.312,88.308,4.301,89.436, 10.80 , 15.10 , 13.75 ,
3955    ,PL-VT28(FOOD),90.00,83.095,83.686,2.174,86.306, 12.60 , 15.40 , 13.45 ,
4031    ,PL-VT34,70.00,65.282,68.353,2.846,68.236, 11.80 , 15.20 , 13.75 ,
4044    ,PL-DNS(BREAD),90.00,80.222,81.531,4.014,83.827, 11.20 , 15.80 , 13.50 ,
4039    ,PL-VT28,90.00,85.304,87.601,3.317,88.607, 12.30 , 16.00 , 13.65 ,
4040    ,PL-VT28,70.00,65.256,67.397,2.875,68.766, 12.10 , 15.70 , 13.63 ,
4045    ,PL-VT28,90.00,85.288,87.487,3.441,89.889, 12.40 , 16.00 , 13.58 ,
4046    ,PL-VT28,80.00,75.279,77.348,2.954,79.358, 12.60 , 16.20 , 13.57 ,
4047    ,PL-VT28,80.00,75.299,77.956,3.063,79.426, 12.60 , 16.20 , 13.40 ,
4052    ,PL-VT28,80.00,75.307,78.693,3.027,79.421, 12.10 , 15.50 , 13.37 ,
4050    ,PL-C/P(NOODLE),90.00,85.253,87.565,3.847,88.935, 11.30 , 15.30 , 13.67 ,
4051    ,PL-C/P 2,80.00,75.535,77.682,3.450,78.486, 11.60 , 15.30 , 13.35 ,
4053    ,PL-VT28,80.00,75.257,78.705,3.065,78.759, 12.00 , 15.30 , 13.35 ,
4054    ,PL-DNS(BREAD),80.00,75.225,76.424,3.800,79.144, 11.10 , 15.55 , 13.43 ,
4055    ,PL-C/P(NOODLE),90.00,82.084,85.234,3.756,85.195, 11.40 , 15.40 , 13.43 ,
4059    ,PL-VT34,70.00,69.573,73.037,2.984,72.050, 11.80 , 15.40 , 13.10 ,
4060    ,PL-VT28,90.00,85.275,87.363,3.536,89.209, - , - , - ,
4061    ,PL-VT28,90.00,85.249,87.467,3.523,89.264, 12.00 , - , - ,
4067    ,PL-VT28,90.00,85.280,88.685,3.699,89.541, 12.00 , 15.80 , 13.15 ,
4068    ,PL-VT34,90.00,85.329,87.785,3.623,88.000, 12.10 , 16.10 , 13.50 ,
4075    ,PL-DNS(BREAD),70.00,59.793,60.963,2.795,62.808, 11.10 , 15.40 , 13.50 ,
4077    ,PL-ASW,70.00,61.238,64.181,3.545,65.049, 10.50 , 14.50 , 12.90 ,
3830    ,VITAL WHOLE WHEAT,750.00,775.467,782.842,0.006,792.870, - , - , - ,
4084    ,PL-C/P(NOODLE),90.00,85.259,86.335,3.874,87.515, - , 15.50 , 13.80 ,
4085    ,PL-C/P 2,80.00,70.378,71.223,3.201,70.619, 11.30 , 15.30 , 13.55 ,
4069    ,PL-APW10.5%,80.00,75.744,77.050,3.734,77.495, 11.20 , 15.60 , 13.83 ,
4086    ,PL-C/P(NOODLE),90.00,84.561,85.947,4.009,83.601, 11.00 , 15.10 , 13.50 ,
4038    ,PL-VT28,80.00,75.273,76.096,3.071,78.099, 11.80 , 15.40 , 13.40 ,
4087    ,PL-VT28,80.00,75.263,76.581,3.059,78.484, 11.70 , 15.70 , 13.30 ,
4090    ,PL-DNS(BREAD),80.00,72.522,71.547,3.358,75.076, 11.30 , 15.65 , 13.40 ,
4091    ,PL-VT28,90.00,85.252,86.283,3.587,89.154, 11.90 , 15.80 , 13.43 ,
4092    ,PL-VT28,80.00,75.250,76.196,3.304,79.033, 11.90 , 15.60 , 13.37 ,
4098    ,PL-APW10.5%,90.00,83.066,82.360,4.687,86.737, 10.70 , 15.25 , 13.00 ,
4099    ,PL-VT28,80.00,75.266,75.679,3.085,77.659, 12.30 , 15.55 , 13.33 ,
4100    ,PL-VT28,80.00,75.296,75.963,3.106,78.351, 12.20 , 15.50 , 13.37 ,
4106    ,PL-DNS(BREAD),90.00,82.335,84.600,4.099,85.975, 11.40 , 15.20 , 13.77 ,
4107    ,PL-ASW,80.00,75.282,76.597,4.366,78.187, 10.40 , 15.05 , 13.50 ,
4108    ,PL-VT34,80.00,75.309,77.091,4.161,79.968, 11.00 , 15.20 , 13.40 ,
4113    ,PL-DNS(BREAD),80.00,72.411,74.418,3.747,75.626, 11.40 , 15.45 , 13.80 ,
4118    ,PL-C/P(NOODLE),90.00,85.299,88.336,4.136,88.824, 11.35 , 15.30 , 13.60 ,
4121    ,PL-C/P(NOODLE),80.00,75.249,77.536,3.570,77.494, 11.50 , 15.60 , 13.55 ,
4119    ,PL-C/P 2,80.00,68.207,69.799,3.322,70.563, 11.30 , 15.40 , 13.50 ,
4122    ,PL-VT28,80.00,75.266,76.122,3.390,77.900, 11.30 , 15.40 , 13.20 ,
4123    ,PL-VT28,80.00,75.264,76.427,3.902,79.393, 11.10 , 15.40 , 13.30 ,
4114    ,PL-VT28,90.00,69.438,70.631,4.059,73.874, 10.80 , 15.70 , 12.70 ,
4125    ,PL-C/P(NOODLE),90.00,84.517,86.511,4.125,87.898, 11.30 , 15.40 , 13.50 ,
4120    ,PL-APW10.5%,90.00,68.090,67.671,3.859,71.547, 10.50 , 15.10 , 13.50 ,
4132    ,PL-DNS(BREAD),90.00,72.471,73.185,3.755,76.282, 11.00 , 15.55 , 13.65 ,
4115    ,PL-VT28,90.00,72.294,74.076,4.211,76.795, 11.00 , 16.05 , 13.50 ,
4138    ,PL-C/P(NOODLE),90.00,71.764,73.110,3.384,74.586, 11.00 , 16.20 , 13.40 ,
4139    ,PL-DNS(BREAD),80.00,82.431,83.158,3.985,85.909, 11.30 , 15.20 , 13.45 ,
4131    ,PL-UW 12.5,80.00,66.661,67.240,2.625,68.859, 11.00 , 15.00 , 13.15 ,
4134    ,PL-ASW,70.00,69.609,70.893,3.953,71.666, 10.20 , 14.90 , 13.30 ,
4133    ,PL-APW10.5%,90.00,67.965,67.764,3.540,67.177, 10.60 , 15.30 , 13.70 ,
4142    ,PL-VT34,70.00,73.174,74.253,3.982,75.192, 11.40 , 15.80 , 13.45 ,
4141    ,PL-ASW,80.00,59.073,59.680,3.326,58.789, 10.40 , 15.20 , 13.45 ,
4143    ,PL-VT34,40.00,35.886,36.141,2.026,37.016, 10.80 , 15.70 , 13.40 ,
4153    ,PL-DNS(BREAD),70.00,66.777,67.751,3.297,68.904, 11.40 , 15.40 , 13.77 ,
4157    ,PL-APW10.5%,50.00,46.180,45.941,2.140,46.420, 11.10 , 15.50 , 13.45 ,
4158    ,VITAL WHOLE WHEAT,1000.00,1049.199,1041.552,0.001,"1,059.986", - , - , - ,
4168    ,PL-C/P(NOODLE),90.00,85.256,86.665,4.116,86.955, 11.10 , 15.40 , 13.60 ,
4169    ,PL-C/P(NOODLE),80.00,75.226,76.103,4.261,77.000, 10.40 , 15.40 , 13.43 ,
4167    ,PL-APW10.5%,80.00,83.561,83.724,3.623,81.842, 11.50 , 14.90 , 13.70 ,
4174    ,PL-C/P(NOODLE),90.00,80.489,81.760,4.800,84.377, 10.20 , 15.40 , 13.90 ,
4175    ,PL-DNS(BREAD),80.00,72.879,74.189,3.700,73.811, 11.05 , 15.40 , 13.60 ,
4127    ,PL-VT28,80.00,75.344,76.782,3.992,79.070, 11.30 , 15.90 , 13.60 ,
4181    ,PL-VT28,80.00,74.348,75.469,3.996,78.217, 11.30 , 15.60 , 13.55 ,
4182    ,PL-VT28,80.00,75.297,77.103,4.261,79.567, 10.90 , 15.40 , 13.47 ,
4183    ,PL-DNS(BREAD),90.00,83.114,83.248,4.176,84.927, 11.10 , 15.30 , 13.50 ,
4189    ,PL-APW10.5%,90.00,68.646,68.471,3.067,68.088, 11.00 , 15.40 , 13.20 ,
4190    ,PL-ASW,80.00,73.184,73.992,3.933,76.143, 10.85 , 15.10 , 13.50 ,
4191    ,PL-C/P(NOODLE),80.00,71.314,71.942,4.215,73.087, 10.47 , 15.45 , 13.45 ,
4126    ,PL-VT28,80.00,75.278,76.822,4.084,77.849, 10.85 , 15.95 , 13.45 ,
4201    ,PL-UW 12.5,80.00,75.269,75.514,3.214,76.396, 11.15 , 15.40 , 13.30 ,
4202    ,PL-C/P(NOODLE),90.00,78.018,78.856,4.601,80.694, 10.15 , 15.50 , 13.25 ,
4205    ,PL-C/P(NOODLE),90.00,85.239,86.272,5.305,88.542, - , 15.60 , 13.50 ,
4207    ,PL-APW10.5%,80.00,75.892,76.163,3.065,73.753, 10.80 , 15.20 , 13.50 ,
4206    ,PL-C/P(NOODLE),80.00,69.870,70.807,4.104,70.098, 10.10 , 15.50 , 13.55 ,
4224    ,PL-VT28,90.00,75.279,75.776,4.800,80.797, 10.85 , 15.70 , 13.50 ,
4214    ,PL-DNS(BREAD),90.00,85.290,85.815,4.298,88.228, 11.30 , 15.70 , 13.50 ,
4215    ,PL-DNS(BREAD),80.00,70.613,70.499,3.553,73.094, 11.10 , 15.20 , 13.50 ,
4216    ,PL-C/P 2,80.00,73.472,73.058,4.418,75.972, 10.40 , 15.50 , 13.00 ,
4225    ,PL-APW10.5%,80.00,72.520,71.555,2.964,72.266, 11.20 , 15.00 , 13.40 ,
4226    ,PL-VT28,80.00,84.479,85.361,5.084,88.272, - , - , 13.58 ,
4227    ,PL-VT28,90.00,85.093,85.725,4.931,88.601, 10.50 , 15.90 , 13.40 ,
4228    ,PL-C/P(NOODLE),80.00,73.507,73.623,4.155,75.128, 10.90 , 15.87 , 13.45 ,
4235    ,PL-ASW,80.00,48.646,48.867,2.349,50.166, 10.80 , 15.40 , 13.50 ,
4233    ,VITAL WHOLE WHEAT,750.00,768.871,768.034,0.019,784.182, - , - , - ,
4245    ,PL-VT28,90.00,82.909,83.807,4.774,86.725, 10.80 , 16.00 , 13.90 ,
4237    ,PL-APW10.5%,90.00,82.662,81.970,3.289,82.277, 11.30 , 15.10 , 13.65 ,
4238    ,PL-DNS(BREAD),80.00,75.264,74.640,3.828,76.451, 11.10 , 15.50 , 13.80 ,
4239    ,PL-DNS(BREAD),80.00,72.626,72.295,3.646,73.589, 14.70 , 15.40 , 13.80 ,
4246    ,PL-VT28,80.00,85.294,86.241,4.611,89.541, 10.70 , 15.60 , 13.30 ,
4229    ,PL-C/P(NOODLE),90.00,81.891,83.294,3.812,84.313, 11.30 , 14.80 , 13.80 ,
4247    ,PL-VT28,80.00,75.288,76.062,4.045,79.257, 10.80 , 15.50 , 13.40 ,
4255    ,PL-DNS(BREAD),80.00,71.874,71.558,3.581,73.864, 11.20 , - , 13.35 ,
4256    ,PL-VT28,80.00,85.318,86.481,4.670,90.152, 11.10 , 15.30 , 13.30 ,
4258    ,PL-VT28,90.00,85.299,86.548,4.621,90.143, 10.55 , 15.30 , 13.33 ,
4259    ,PL-VT28,80.00,75.265,76.072,4.131,79.584, - , 15.60 , 13.28 ,
4260    ,PL-VT28,80.00,75.238,75.694,4.226,79.339, 11.00 , 15.75 , 13.35 ,
4265    ,PL-VT28,90.00,84.369,84.674,4.835,88.890, 10.70 , 15.50 , 13.35 ,
4273    ,PL-APW10.5%,90.00,80.366,80.174,3.125,80.364, 11.55 , - , - ,
4272    ,PL-C/P(NOODLE),80.00,84.218,85.818,3.900,87.284, 11.40 , 15.40 , 13.55 ,
4282    ,PL-DNS(BREAD),80.00,72.139,72.101,3.498,74.582, 10.75 , 15.40 , 13.05 ,
4285    ,PL-VT28,80.00,73.237,74.985,4.207,77.686, 10.60 , 15.90 , 13.40 ,
4286    ,PL-DNS(BREAD),80.00,72.133,72.431,3.556,75.416, 10.70 , 15.10 , - ,
4274    ,PL-C/P(NOODLE),80.00,70.566,71.311,3.467,69.852, 10.45 , 15.10 , 13.40 ,
4289    ,PL-ASW,80.00,73.586,73.286,3.566,74.689, 10.55 , 14.70 , 13.30 ,
4290    ,PL-UW 12.5,60.00,70.276,68.795,3.180,72.104, 10.90 , 15.50 , 13.23 ,
4297    ,PL-DNS(BREAD),70.00,57.697,58.169,2.994,59.506, 11.30 , 15.50 , 13.45 ,
4294    ,VITAL WHOLE WHEAT,1250.00,1198.740,1198.758,0.004,"1,217.510", - , - , - ,
4266    ,PL-VT28,80.00,49.209,49.785,2.759,51.977, - , 16.00 , 13.80 ,
4299    ,PL-APW10.5%,90.00,83.115,83.642,3.349,83.771, 11.65 , 15.20 , 13.80 ,
4267    ,PL-VT28,80.00,73.502,74.453,4.241,76.055, 10.70 , 16.00 , 13.90 ,
4300    ,PL-APW10.5%,90.00,82.959,81.969,3.387,82.616, 11.85 , 15.50 , 13.95 ,
4309    ,PL-APH 14,90.00,82.475,81.872,4.234,83.324, 10.70 , 16.00 , 13.70 ,
4310    ,PL-ASW,80.00,74.325,74.253,3.483,74.416, 11.10 , 14.60 , 13.57 ,
4298    ,PL-VT28,50.00,72.750,73.309,4.134,75.892, 11.13 , 15.90 , 13.50 ,
4325    ,PL-DNS(BREAD),90.00,82.169,81.942,3.956,85.423, 11.50 , 15.40 , 13.50 ,
4311    ,PL-VT28,80.00,75.303,76.068,4.155,78.919, 10.70 , 15.40 , 13.35 ,
4326    ,PL-VT34,80.00,75.230,76.588,4.482,79.420, 10.70 , 15.20 , 13.35 ,
4327    ,PL-APH 14,90.00,50.286,50.399,2.663,51.383, - , 15.40 , 13.40 ,
4320    ,PL-VT28,80.00,75.262,75.758,4.375,78.535, 10.95 , 15.50 , 13.60 ,
4328    ,PL-VT28,80.00,75.252,76.429,4.430,79.791, 11.00 , 15.70 , 13.40 ,
4332    ,PL-VT28,80.00,75.289,76.407,4.388,79.505, 10.60 , 15.70 , 13.40 ,
4333    ,PL-VT28,80.00,80.299,81.674,4.813,85.518, 10.90 , 15.70 , 13.40 ,
4337    ,PL-UW 12.5,80.00,73.825,72.996,3.579,77.175, 10.75 , 15.40 , 13.70 ,
4319    ,PL-ASW,90.00,85.137,84.579,4.259,88.275, 10.70 , 14.90 , 13.35 ,
4338    ,PL-VT28,80.00,71.112,71.695,4.346,74.286, 10.65 , 15.50 , 13.60 ,
4340    ,PL-APW10.5%,90.00,82.756,81.270,3.371,84.157, 11.50 , 14.90 , 13.50 ,
4341    ,PL-DNS(BREAD),80.00,74.287,74.200,3.502,76.229, 11.27 , 15.60 , 13.20 ,
4354    ,PL-DNS(BREAD),90.00,83.997,83.949,4.003,87.505, 11.10 , 15.40 , 13.47 ,
4339    ,PL-VT28,80.00,73.209,74.334,4.545,77.964, 10.50 , 16.00 , 13.35 ,
4353    ,PL-APW10.5%,90.00,74.004,73.561,2.983,74.414, 11.05 , 15.30 , 13.35 ,
4351    ,PL-VT28,80.00,75.276,76.229,4.565,79.016, 10.40 , 15.90 , 13.45 ,
4352    ,PL-VT28,80.00,75.256,76.498,4.621,80.474, 10.85 , 15.90 , 13.45 ,
4359    ,PL-VT28,80.00,69.824,71.091,4.327,74.723, 10.85 , - , 13.35 ,
4350    ,PL-APH 14,80.00,67.373,67.462,3.904,68.108, 10.55 , - , - ,
4365    ,VITAL WHOLE WHEAT,700.00,726.108,724.127,0.001,727.680, - , - , - ,
4372    ,PL-VT34,80.00,73.288,74.144,4.253,76.946, 10.40 , 15.70 , 13.50 ,
4373    ,PL-APH 14,90.00,82.738,83.104,5.137,84.198, 10.15 , 14.80 , 13.50 ,
4381    ,PL-CWRS 13.5%,80.00,73.750,74.010,2.872,76.784, 11.10 , 15.60 , 13.40 ,
4374    ,PL-ASW,80.00,75.306,76.292,3.898,78.376, 10.45 , 15.10 , 13.50 ,
4375    ,PL-APW10.5%,80.00,69.139,69.455,3.226,71.279, 11.00 , 15.10 , 13.55 ,
4384    ,PL-DNS(BREAD),90.00,82.579,82.430,3.993,83.700, 11.20 , 15.60 , 13.40 ,
4385    ,PL-VT28,80.00,75.269,75.863,3.717,78.910, 11.30 , 15.90 , 13.57 ,
4386    ,PL-VT28,80.00,76.390,77.151,3.558,79.841, 12.05 , 15.50 , 13.30 ,
4383    ,PL-DNS(BREAD),90.00,79.980,79.368,3.793,81.575, 11.40 , 15.40 , 13.30 ,
4390    ,PL-VT28,80.00,75.259,75.966,3.446,78.798, 11.95 , 15.80 , 13.60 ,
4391    ,PL-VT28,80.00,69.833,70.718,3.163,73.939, 11.80 , 16.00 , 13.50 ,
4376    ,PL-APH 14,90.00,77.273,77.043,5.026,80.123, 9.95 , 15.60 , 13.45 ,
4392    ,PL-VT28,80.00,75.586,76.057,3.357,79.426, 11.70 , 16.00 , 13.65 ,
4393    ,PL-VT34,80.00,73.695,73.816,3.987,78.230, 11.45 , 16.40 , 13.85 ,
4394    ,PL-APH 14,90.00,81.337,81.664,5.145,82.602, 10.35 , 15.50 , 13.30 ,
4397    ,PL-VT34,80.00,72.811,72.746,3.877,76.423, 11.20 , 16.30 , 13.80 ,
4399    ,PL-CWRS 13.5%,80.00,74.083,74.789,2.894,76.513, 11.80 , 15.70 , 13.50 ,
4398    ,PL-VT28,90.00,83.912,84.256,3.882,88.495, 11.65 , 15.70 , 13.55 ,
4404    ,PL-VT28,80.00,75.627,76.494,3.500,79.753, 11.65 , 16.00 , 13.65 ,
4405    ,PL-VT28,80.00,74.977,75.532,3.517,78.930, 11.70 , 15.80 , 13.60 ,
4409    ,PL-VT28,80.00,74.770,75.118,3.531,79.093, 11.80 , 15.90 , 13.45 ,
4410    ,PL-APW10.5%,80.00,73.287,74.845,3.394,76.240, 10.55 , 15.30 , 13.45 ,
4406    ,PL-APH 14,90.00,82.823,82.484,5.291,84.146, 10.00 , 15.50 , 13.45 ,
4418    ,PL-DNS(BREAD),80.00,71.941,72.136,3.385,74.360, 11.30 , 15.40 , 13.30 ,
4419    ,PL-APH 14,90.00,82.848,82.415,5.261,85.218, 10.05 , 15.40 , 13.30 ,
4433    ,PL-DNS(BREAD),90.00,80.280,79.788,3.909,79.499, 11.10 , 15.40 , 13.27 ,
4434    ,PL-DNS(BREAD),80.00,70.465,70.806,3.478,73.203, 10.75 , 15.70 , 13.30 ,
4435    ,PL-VT34,70.00,65.310,65.012,3.346,69.775, 11.65 , 15.60 , 13.25 ,
4440    ,VITAL WHOLE WHEAT,700.00,694.699,691.103,0.000,705.830, - , - , - ,
4449    ,PL-VT34,90.00,84.336,84.193,4.605,89.817, 11.60 , 16.10 , 13.50 ,
4450    ,PL-UW 12.5,80.00,85.704,84.119,2.895,88.653, 12.20 , 15.95 , 14.00 ,
4451    ,PL-DNS(BREAD),80.00,81.671,81.281,4.349,84.922, 11.00 , 15.90 , 13.63 ,
4452    ,PL-VT34,80.00,73.375,73.981,4.012,77.603, 11.60 , 15.90 , 13.50 ,
4453    ,PL-APW10.5%,90.00,85.303,82.701,4.679,87.965, - , 15.90 , 13.95 ,
4454    ,PL-CWRS 13.5%,80.00,74.240,73.993,3.257,76.342, 11.65 , 15.90 , 13.50 ,
4458    ,PL-ASW,80.00,81.438,80.914,4.282,84.647, 10.60 , 14.90 , 13.40 ,
4460    ,PL-VT28,60.00,50.268,49.018,2.464,52.916, 11.40 , 16.10 , 13.70 ,
4459    ,PL-APH 14,80.00,78.197,77.001,4.586,79.666, 10.70 , 16.00 , 13.50 ,
4466    ,PL-APW10.5%,90.00,66.176,65.020,3.463,68.500, 10.95 , 15.75 , 13.70 ,
4467    ,PL-DNS(BREAD),80.00,72.558,72.171,3.957,74.016, 11.00 , 16.20 , 13.63 ,
4468    ,PL-DNS(BREAD),80.00,72.809,72.202,4.168,76.281, 11.50 , 15.40 , 13.65 ,
4478    ,PL-APH 14,90.00,82.084,82.407,4.791,83.143, 10.90 , 15.70 , 13.33 ,
4292    ,PL-VT28,80.00,75.261,75.847,3.819,79.760, 11.80 , 15.90 , 13.90 ,
4363    ,PL-VT28,80.00,75.260,76.016,3.756,79.746, 11.70 , 16.10 , 14.00 ,
4484    ,PL-CWRS 13.5%,90.00,83.162,80.415,4.254,88.139, 11.30 , 15.60 , 13.45 ,
4485    ,PL-VT28,80.00,69.376,70.469,2.769,73.058, 12.40 , 16.40 , 13.90 ,
4486    ,PL-VT28,80.00,75.262,74.580,3.346,79.051, 11.70 , 16.00 , 13.50 ,
4492    ,PL-VT28,90.00,57.466,56.662,2.704,60.608, 11.70 , 15.40 , 13.35 ,
4499    ,PL-DNS(BREAD),80.00,75.374,75.109,3.756,78.377, 11.20 , 15.20 , 13.50 ,
4500    ,PL-DNS(BREAD),90.00,81.401,81.017,4.049,84.590, 11.30 , 15.20 , 13.40 ,
4503    ,PL-APW10.5%,80.00,74.198,73.882,3.797,77.219, 11.10 , 15.30 , 13.45 ,
4501    ,PL-ASW,80.00,68.776,67.941,3.668,71.282, 10.85 , 15.40 , 13.65 ,
4502    ,PL-APH 14,90.00,78.228,77.994,5.509,79.162, 9.90 , 16.00 , 13.50 ,
4504    ,PL-APW10.5%,80.00,78.957,78.482,4.143,80.909, 11.20 , 15.85 , 13.80 ,
4515    ,PL-DNS(BREAD),80.00,77.598,78.216,3.911,80.028, 10.95 , 15.40 , 13.45 ,
4522    ,PL-DNS(BREAD),80.00,77.037,76.470,3.915,79.202, 11.15 , 15.50 , 13.30 ,
4523    ,PL-VT34,80.00,78.207,78.930,4.960,84.558, 11.00 , 16.00 , 13.50 ,
4526    ,PL-CWRS 13.5%,60.00,59.023,58.779,2.971,62.504, 11.00 , 15.90 , 13.40 ,
4530    ,VITAL WHOLE WHEAT,1150.00,923.889,923.889,0.000,946.390, - , - , - ,
4493    ,PL-VT28,80.00,75.291,74.617,3.425,79.076, 11.90 , 16.20 , 13.80 ,
4494    ,PL-VT28,80.00,75.302,74.635,3.277,79.150, 11.75 , 16.00 , 13.75 ,
4420    ,PL-VT28,80.00,75.289,74.749,3.180,79.090, 11.70 , 15.60 , 13.50 ,
4556    ,PL-VT28,90.00,85.297,84.715,3.510,89.540, 11.80 , 15.63 , 13.50 ,
4557    ,PL-VT28,80.00,70.040,69.645,2.923,73.480, 11.80 , 15.40 , 13.40 ,
4548    ,PL-APH 14,80.00,72.492,73.665,5.354,74.560, 10.10 , 16.00 , 13.45 ,
4547    ,PL-VT34,80.00,72.005,71.310,4.035,77.132, 11.40 , 16.20 , 13.50 ,
4549    ,PL-APW10.5%,90.00,77.075,78.130,3.436,76.788, 11.40 , 15.40 , 13.55 ,
4558    ,PL-ASW,80.00,70.350,70.024,3.813,72.539, 10.85 , 15.30 , 13.35 ,
4555    ,PL-VT28,90.00,75.351,74.901,3.316,79.589, 11.90 , 15.95 , 13.35 ,
4559    ,PL-DNS(BREAD),80.00,72.315,72.530,3.769,76.135, 11.25 , 15.80 , 13.45 ,
4565    ,PL-CWRS 13.5%,90.00,80.727,81.986,3.984,84.817, 11.65 , 15.60 , 13.65 ,
4566    ,PL-VT28,80.00,85.310,85.274,3.781,88.609, 11.75 , - , - ,
4567    ,PL-VT28,80.00,75.364,77.035,3.324,79.309, 11.73 , 15.80 , 13.15 ,
4575    ,PL-VT28,90.00,85.283,85.635,3.888,90.006, 11.40 , 15.70 , 13.25 ,
4578    ,PL-VT34,80.00,73.426,74.366,3.926,77.635, 11.70 , 16.40 , 13.90 ,
4576    ,PL-VT28,90.00,80.262,81.844,3.948,84.648, 11.40 , 16.10 , 13.35 ,
4579    ,PL-VT28,80.00,75.367,75.300,3.462,79.145, 11.30 , 15.65 , 13.45 ,
4580    ,PL-VT28,80.00,75.330,76.311,3.189,78.869, 11.40 , 15.60 , 15.60 ,
4581    ,PL-VT28,80.00,85.329,85.562,4.494,89.446, 11.50 , 15.90 , 13.60 ,
4582    ,PL-VT28,80.00,73.688,74.251,3.957,77.126, 11.30 , 15.90 , 13.50 ,
4583    ,PL-DNS(BREAD),90.00,82.498,82.968,4.544,86.004, 10.96 , 15.80 , 13.40 ,
4586    ,PL-UW 12.5,80.00,75.230,74.860,3.023,78.789, 12.10 , 16.00 , 13.80 ,
4584    ,PL-DNS(BREAD),90.00,82.498,83.253,4.485,86.025, 10.80 , 15.90 , 13.45 ,
4585    ,PL-APH 14,80.00,73.057,72.657,5.033,74.301, 9.90 , 15.90 , 13.90 ,
4596    ,PL-APW10.5%,90.00,82.880,83.101,4.352,85.170, 11.40 , 15.80 , 13.70 ,
4597    ,PL-DNS(BREAD),80.00,74.555,74.579,3.882,76.810, 11.40 , 15.90 , 13.45 ,
4603    ,PL-CWRS 13.5%,60.00,87.111,87.199,4.446,91.855, 11.53 , 16.15 , 13.85 ,
4598    ,PL-DNS(BREAD),80.00,71.954,74.951,3.713,77.114, 11.03 , 15.90 , 13.33 ,
4612    ,PL-DNS(BREAD),80.00,122.178,123.572,6.154,129.405, 11.23 , 15.90 , 13.45 ,
4614    ,VITAL WHOLE WHEAT,700.00,739.582,737.110,0.000,749.840, - , - , - ,
4620    ,PL-VT28,80.00,72.023,70.681,3.530,73.812, 11.50 , 15.90 , 13.50 ,
4621    ,PL-APH 14,90.00,84.720,82.615,5.613,85.341, 9.75 , 15.75 , 13.50 ,
4622    ,PL-APW10.5%,80.00,74.690,72.722,3.714,75.540, 11.00 , 15.40 , 13.70 ,
4628    ,PL-CWRS 13.5%,70.00,70.203,69.771,3.510,73.595, 11.35 , 15.80 , 13.50 ,
4629    ,PL-DNS(BREAD),90.00,83.258,83.841,4.322,86.662, 11.33 , 15.70 , 13.20 ,
4630    ,PL-DNS(BREAD),90.00,82.708,81.877,4.078,86.081, 11.40 , 15.70 , 13.43 ,
4577    ,PL-VT28,80.00,125.546,125.189,6.455,130.841, 11.40 , 15.70 , 13.23 ,
4639    ,PL-DNS(BREAD),80.00,72.442,71.841,3.545,75.297, 11.35 , 15.60 , 13.00 ,
4605    ,PL-VT28,90.00,85.313,85.581,4.669,88.935, 11.05 , 15.70 , 13.33 ,
4604    ,PL-VT28,50.00,85.374,85.804,4.916,89.644, 11.10 , 16.00 , 13.33 ,
4606    ,PL-VT28,80.00,75.352,75.993,4.241,79.254, 11.05 , 16.00 , 13.30 ,
4642    ,PL-VT28,80.00,75.354,75.515,4.283,80.027, 11.20 , - , 13.33 ,
4644    ,PL-VT28,90.00,85.347,85.854,5.030,91.137, 11.03 , 16.00 , 13.40 ,
4645    ,PL-VT28,80.00,75.347,75.415,4.349,79.969, 11.15 , 15.80 , 13.40 ,
4646    ,PL-VT28,80.00,74.125,74.338,4.252,78.705, 11.10 , 15.60 , 13.30 ,
4653    ,PL-VT28,90.00,80.349,81.062,4.381,84.919, 10.90 , 15.90 , 13.30 ,
4654    ,PL-VT28,80.00,72.963,73.483,3.839,76.998, 11.13 , 15.70 , 13.27 ,
4514    ,PL-APW10.5%,80.00,69.075,68.440,3.825,71.674, - , 15.20 , 13.40 ,
4667    ,PL-VT28,90.00,84.231,84.367,5.042,88.351, 11.00 , 15.40 , 13.60 ,
4668    ,PL-VT28,80.00,75.241,76.023,4.635,81.340, 10.90 , 15.70 , 13.55 ,
4671    ,PL-VT28,80.00,75.251,76.123,4.373,80.353, 11.00 , 15.90 , 13.40 ,
4684    ,PL-VT28,80.00,80.276,81.206,4.714,85.760, 11.00 , 16.00 , 13.50 ,
4685    ,PL-VT28,80.00,74.706,75.534,4.405,79.635, 10.80 , 16.00 , 13.35 ,
4439    ,PL-VT34,90.00,83.129,81.666,4.299,87.093, - , - , - ,
4697    ,PL-DNS(BREAD),80.00,77.792,78.172,4.020,81.346, 11.20 , 15.50 , 13.35 ,
4698    ,PL-APH 14,90.00,85.336,84.893,5.861,88.486, 9.80 , 15.60 , 13.40 ,
4699    ,PL-APW10.5%,80.00,80.774,77.335,4.065,81.628, 10.50 , 15.45 , 13.45 ,
4700    ,PL-ASW,80.00,81.042,79.741,4.866,84.904, 10.60 , 16.00 , 13.85 ,
4701    ,PL-DNS(BREAD),90.00,81.812,81.112,4.515,86.094, 11.40 , 15.80 , 13.65 ,
4702    ,PL-VT28,80.00,75.366,75.424,4.222,79.980, 11.30 , 16.10 , 13.40 ,
4707    ,PL-VT28,90.00,85.349,85.639,4.727,90.375, 11.40 , - , - ,
4708    ,PL-VT28,80.00,75.247,74.974,4.264,79.728, - , 16.10 , 13.40 ,
4709    ,PL-VT28,80.00,65.441,65.070,3.387,69.316, 11.40 , 16.00 , 13.50 ,
4717    ,PL-VT34,80.00,76.864,76.240,4.039,81.511, 11.30 , 15.90 , 13.50 ,
4513    ,PL-APH 14,90.00,75.394,74.025,5.840,81.088, - , - , - ,
4718    ,PL-CWRS 13.5%,80.00,78.759,78.038,3.493,82.343, 10.95 , 15.10 , 13.40 ,
4724    ,PL-VT34,80.00,75.297,74.841,3.853,80.465, 11.10 , 15.50 , 13.30 ,
4725    ,PL-DNS(BREAD),90.00,81.317,80.452,4.622,86.179, 10.90 , 15.65 , 13.50 ,
4728    ,PL-APW10.5%,80.00,74.066,72.015,3.868,78.435, 10.80 , 15.40 , 13.50 ,
4730    ,PL-VT34,80.00,75.401,74.946,3.792,79.591, 11.20 , 15.55 , 13.43 ,
4731    ,PL-APH 14,90.00,83.661,83.390,6.064,90.213, 10.00 , 16.00 , 13.50 ,
4723    ,PL-VT28,80.00,80.231,79.796,4.351,85.478, 11.50 , 15.80 , 13.20 ,
4655    ,PL-VT28,90.00,85.306,85.198,4.576,90.736, - , - , - ,
4694    ,PL-VT28,80.00,75.286,75.347,4.022,80.102, 11.40 , 15.90 , 13.35 ,
4695    ,PL-VT28,80.00,80.279,80.581,4.260,84.579, 11.20 , 15.80 , 13.30 ,
4737    ,PL-VT28,90.00,85.293,83.882,4.534,88.909, 11.50 , 16.00 , 13.50 ,
4748    ,PL-UW 12.5,80.00,75.256,73.229,2.838,77.390, 12.10 , 15.50 , 13.90 ,
4738    ,PL-VT28,80.00,94.254,93.842,5.004,100.488, 11.50 , 16.10 , 13.40 ,
4740    ,PL-APW10.5%,90.00,85.458,82.326,4.301,88.447, 10.60 , 15.00 , 13.35 ,
4741    ,PL-ASW,80.00,90.830,87.346,5.001,92.078, 10.50 , 15.70 , 13.50 ,
4742    ,PL-DNS(BREAD),80.00,72.344,71.386,4.027,76.434, 10.90 , 15.80 , 13.55 ,
4749    ,PL-CWRS 13.5%,80.00,76.935,77.677,3.380,81.375, 11.20 , 15.40 , 13.50 ,
4759    ,VITAL WHOLE WHEAT,1000.00,998.573,982.266,0.012,"1,014.090", - , - , - ,
4739    ,PL-VT28,80.00,80.329,81.537,3.484,84.212, 11.90 , 16.00 , 13.50 ,
4770    ,PL-VT28,90.00,66.757,68.230,3.031,70.451, 12.30 , 16.10 , 13.70 ,
4771    ,PL-APW10.5%,90.00,84.259,82.575,4.386,89.092, - , 15.50 , 13.50 ,
4772    ,PL-CWRS 13.5%,90.00,78.125,77.802,2.642,81.401, 12.30 , 15.40 , 13.55 ,
4672    ,PL-APH 14,90.00,83.667,82.340,5.832,89.547, 10.50 , 16.15 , 13.70 ,
4673    ,PL-VT34,80.00,79.560,80.056,3.518,83.555, - , - , - ,
4787    ,PL-VT28,80.00,75.300,75.884,3.351,79.105, 12.00 , 16.30 , 13.65 ,
4788    ,PL-VT28,80.00,75.502,76.424,3.412,79.387, 11.80 , 16.10 , 13.50 ,
4792    ,PL-APW10.5%,80.00,78.047,77.291,4.328,83.441, 10.80 , 15.30 , 13.45 ,
4797    ,PL-DNS(BREAD),120.00,118.547,117.774,6.202,125.000, 11.30 , 15.70 , 13.60 ,
4798    ,PL-VT28,80.00,80.328,81.530,3.687,84.351, 12.30 , 16.10 , 13.60 ,
4799    ,PL-VT28,50.00,67.393,68.035,2.976,70.674, 12.00 , 16.20 , 13.80 ,
4801    ,PL-VT28,90.00,85.282,85.635,3.860,89.764, 11.80 , 16.00 , 13.50 ,
4802    ,PL-VT28,80.00,75.270,75.777,3.663,79.677, 12.10 , 16.00 , 13.42 ,
4803    ,PL-VT28,80.00,75.014,75.550,3.967,79.657, 11.90 , 16.10 , 13.63 ,
4812    ,PL-CWRS 13.5%,80.00,75.206,74.023,2.542,78.382, 12.70 , 16.00 , 13.75 ,
4813    ,PL-ASW,80.00,84.907,81.530,4.829,89.050, 11.00 , 15.65 , 13.70 ,
4814    ,PL-VT28,90.00,85.274,85.900,4.545,90.831, 11.50 , 16.10 , 13.65 ,
4823    ,PL-VT28,90.00,33.473,33.593,1.812,35.695, - , 15.90 , 13.60 ,
4824    ,PL-APW10.5%,80.00,64.296,64.058,3.536,68.370, 10.40 , 15.15 , 13.55 ,
4825    ,PL-DNS(BREAD),90.00,91.218,89.848,4.764,95.538, 11.20 , 15.80 , 13.60 ,
4687    ,PL-APH 14,80.00,153.947,151.946,11.052,165.208, 10.30 , 16.10 , 13.50 ,
4831    ,PL-VT34,80.00,78.537,75.984,2.379,81.515, 13.00 , 15.70 , 13.70 ,
4832    ,PL-VT28,90.00,83.514,83.789,4.523,89.280, 12.10 , 16.15 , 14.00 ,
4844    ,PL-DNS(BREAD),200.00,200.134,199.665,10.887,209.884, 11.20 , 15.40 , 13.66 ,
4847    ,PL-APW10.5%,50.00,44.990,44.514,2.477,47.749, 10.30 , 15.30 , 13.70 ,
4857    ,PL-VT28,90.00,85.352,86.082,4.321,90.169, 12.20 , 16.60 , 13.80 ,
4858    ,PL-VT28,80.00,69.033,69.734,3.327,73.259, 12.10 , 16.20 , 13.60 ,
4861    ,PL-ASW,80.00,73.182,72.520,4.309,77.626, 10.60 , 15.50 , 13.70 ,
4865    ,PL-APW10.5%,90.00,84.032,83.682,4.881,89.381, 10.80 , 15.50 , 13.65 ,
4863    ,PL-VT28,80.00,75.369,74.475,2.870,78.595, 12.00 , 15.90 , 13.45 ,
4864    ,PL-VT28,80.00,75.319,75.862,2.851,79.035, 11.90 , 15.90 , 13.30 ,
4871    ,PL-VT28,90.00,85.351,86.183,2.921,89.264, 12.30 , 16.00 , 13.27 ,
4872    ,PL-VT28,80.00,73.577,74.893,2.592,77.056, 12.60 , 15.90 , 13.30 ,
4873    ,PL-VT28,80.00,75.296,74.719,2.818,79.090, 12.40 , 16.00 , 13.47 ,
4876    ,PL-APW10.5%,90.00,83.240,85.256,4.954,88.934, 10.70 , 15.70 , 13.60 ,
4881    ,PL-VT34,80.00,75.379,75.554,2.193,78.210, 12.70 , 15.70 , 13.35 ,
4877    ,PL-VT28,80.00,74.633,75.496,3.248,78.483, 11.90 , 15.60 , 13.45 ,
4885    ,PL-ASW,80.00,74.681,73.876,4.302,79.529, 10.50 , 15.80 , 13.65 ,
4890    ,PL-CWRS 13.5%,80.00,72.582,72.346,2.664,75.578, 12.50 , 15.80 , 13.85 ,
4891    ,PL-APW10.5%,50.00,44.885,45.083,2.597,47.585, 10.50 , 15.40 , 13.95 ,
4892    ,PL-ASW,50.00,46.004,45.304,2.771,48.971, 11.00 , 15.00 , 13.80 ,
4790    ,PL-DNS(BREAD),90.00,83.543,83.731,5.590,89.897, 10.30 , 16.20 , 13.65 ,
4898    ,PL-VT34,80.00,71.917,73.504,3.119,75.504, 12.10 , 16.00 , 14.00 ,
4899    ,PL-VT34,80.00,73.801,74.324,2.641,75.487, 12.40 , 16.30 , 13.87 ,
4907    ,PL-APW10.5%,90.00,84.197,86.372,4.612,89.383, 10.70 , 15.30 , 13.70 ,
4908    ,PL-VT28,80.00,70.520,71.287,3.311,74.304, 12.50 , 16.60 , 13.85 ,
4909    ,PL-VT34,80.00,75.238,75.452,2.288,79.126, - , 16.60 , 13.80 ,
4914    ,PL-VT28,90.00,85.337,86.417,4.148,90.072, 12.20 , 16.50 , 13.90 ,
4915    ,PL-VT28,80.00,75.328,76.420,3.610,79.174, 12.40 , 16.80 , 13.90 ,
4916    ,PL-VT28,80.00,75.286,75.838,3.459,79.024, 12.10 , 16.50 , 13.70 ,
4917    ,PL-VT28,90.00,79.872,79.633,3.447,83.580, 12.30 , 16.20 , 13.75 ,
4918    ,PL-VT34,90.00,82.562,83.770,2.613,85.310, 12.70 , 16.40 , 13.90 ,
4920    ,PL-DNS(BREAD),80.00,74.078,76.636,5.982,80.677, 10.70 , 16.30 , 14.05 ,
4921    ,PL-DNS(BREAD),80.00,72.861,75.525,6.200,79.695, 10.60 , 16.95 , 15.00 ,
4919    ,PL-APW10.5%,60.00,54.251,55.404,2.896,57.814, 10.60 , 15.20 , 13.60 ,
4922    ,PL-APH 14,50.00,55.261,54.038,3.772,59.139, 9.90 , 15.70 , 13.50 ,
4929    ,VITAL WHOLE WHEAT,1130.00,1149.421,1139.296,0.171,"1,177.560", - , - , - ,
4951    ,PL-APW10.5%,100.00,84.985,85.288,4.607,89.708, 10.60 , 15.60 , 13.90 ,
4953    ,PL-APW10.5%,90.00,83.083,83.631,4.810,88.716, 10.30 , 14.80 , 13.73 ,
4845    ,PL-DNS(BREAD),60.00,85.467,55.314,3.497,91.218, 10.30 , 16.10 , 13.47 ,
4954    ,PL-DNS(BREAD),120.00,84.617,84.813,5.134,89.972, 10.40 , 15.80 , 13.15 ,
4878    ,PL-VT28,80.00,74.855,74.652,4.374,80.317, 11.20 , 15.85 , 13.90 ,
4956    ,PL-VT34,50.00,48.997,48.394,1.398,50.822, 12.40 , 16.10 , 13.60 ,
4879    ,PL-VT28,80.00,75.340,75.664,4.461,80.562, 11.40 , 16.20 , 13.60 ,
4880    ,PL-VT28,80.00,72.290,72.471,3.873,76.746, 11.70 , 16.30 , 13.65 ,
4965    ,PL-VT34,80.00,72.126,71.432,2.089,75.523, 12.80 , 15.90 , 13.50 ,
4846    ,PL-DNS(BREAD),90.00,83.127,83.563,5.106,88.897, 11.20 , 15.50 , 13.25 ,
4977    ,PL-VT28,80.00,75.323,75.827,3.954,79.946, 11.60 , 16.20 , 13.49 ,
4978    ,PL-VT28,80.00,75.347,76.242,3.723,80.836, 11.60 , 16.20 , 13.63 ,
4979    ,PL-VT28,90.00,85.346,85.858,4.043,90.675, 11.90 , 16.30 , 13.69 ,
4984    ,PL-VT28,80.00,75.344,75.735,3.344,79.748, 12.00 , 16.00 , 13.40 ,
4985    ,PL-VT28,80.00,69.982,70.347,3.031,73.975, 11.50 , 15.90 , 13.35 ,
4987    ,PL-UW 12.5,50.00,47.369,46.964,1.726,49.332, 11.50 , 15.30 , 13.40 ,
4988    ,PL-VT28,90.00,72.745,72.933,3.130,76.561, 11.30 , 16.10 , 13.45 ,
4989    ,PL-DNS(BREAD),90.00,83.315,83.754,5.218,88.785, 10.90 , 16.00 , 13.40 ,
4990    ,PL-APW10.5%,80.00,75.207,75.541,4.183,80.410, 10.20 , 14.80 , 13.50 ,
4997    ,PL-VT34,80.00,75.200,74.582,2.629,78.218, 12.40 , 15.50 , 13.35 ,
4991    ,PL-APH 14,80.00,75.771,73.793,5.137,80.357, - , 15.70 , 13.50 ,
4992    ,PL-DNS(BREAD),90.00,83.290,83.725,5.236,86.011, 10.70 , 15.80 , 13.40 ,
5004    ,PL-CWRS 13.5%,70.00,69.026,66.829,3.057,72.132, 12.00 , 16.00 , 13.65 ,
5010    ,PL-VT34,90.00,82.849,82.824,4.131,87.230, 11.70 , 16.00 , 13.70 ,
5011    ,PL-VT28,80.00,75.543,75.454,3.779,80.227, 11.00 , 16.00 , 13.55 ,
5012    ,PL-DNS(BREAD),80.00,72.036,71.844,4.379,75.672, 11.00 , 16.40 , 13.40 ,
5017    ,PL-CWRS 13.5%,80.00,73.496,72.918,3.725,77.506, 11.70 , 16.00 , 13.65 ,
5018    ,PL-APH 14,90.00,84.381,82.255,5.632,88.544, 10.40 , 16.20 , 13.45 ,
5019    ,PL-VT28,80.00,75.319,74.736,3.673,78.721, 11.40 , 15.70 , 13.15 ,
5024    ,PL-VT28,80.00,75.346,74.944,4.024,79.531, 11.40 , 16.40 , 13.45 ,
5025    ,PL-VT28,80.00,75.276,73.780,4.088,79.439, 11.20 , 16.10 , 13.40 ,
5031    ,PL-VT34,80.00,75.357,73.737,3.781,79.207, 11.50 , 16.10 , 13.50 ,
5034    ,PL-UW 12.5,80.00,73.397,71.284,2.733,76.178, 11.50 , 14.90 , 13.25 ,
5026    ,PL-VT28,90.00,85.334,84.484,4.372,89.965, 11.40 , 16.00 , 13.55 ,
5033    ,PL-VT28,90.00,85.347,84.729,4.048,89.659, - , 16.00 , 13.65 ,
5035    ,PL-VT28,90.00,69.211,68.704,3.276,72.860, 12.30 , 16.30 , 13.55 ,
5036    ,PL-ASW,70.00,85.295,83.877,5.050,90.900, 10.40 , 14.80 , 13.50 ,
5037    ,PL-APW10.5%,90.00,85.578,84.626,4.945,90.803, 10.70 , 16.30 , 13.47 ,
5045    ,PL-DNS(BREAD),90.00,84.689,82.791,5.038,89.703, 11.10 , 16.30 , 13.60 ,
5046    ,PL-VT28,80.00,75.791,75.252,3.420,79.547, 12.20 , 15.90 , 13.30 ,
5047    ,PL-VT28,80.00,53.763,53.919,2.484,56.727, 12.30 , 16.20 , 13.35 ,
5053    ,PL-VT28,80.00,75.258,74.692,3.429,78.924, 11.50 , 16.70 , 13.45 ,
5054    ,PL-VT28,80.00,71.830,71.197,3.448,75.987, 11.90 , 15.90 , 13.55 ,
5055    ,PL-APW10.5%,80.00,72.511,72.583,4.155,77.501, 10.90 , 15.20 , 13.60 ,
5057    ,PL-DNS(BREAD),90.00,104.310,103.333,6.094,109.212, 11.40 , 16.05 , 13.47 ,
5058    ,PL-VT28,80.00,74.661,74.295,3.749,78.717, 11.50 , 16.00 , 13.40 ,
5066    ,VITAL WHOLE WHEAT,1000.00,976.368,957.690,0.007,993.230, - , - , - ,
5086    ,PL-ASW,90.00,84.343,85.730,4.996,89.823, 10.00 , 14.70 , 13.70 ,
5084    ,PL-DNS(BREAD),90.00,83.285,85.558,3.590,87.229, 12.00 , 16.40 , 13.80 ,
5087    ,PL-APW10.5%,80.00,74.587,75.968,4.328,79.309, 10.70 , 15.40 , 13.85 ,
5088    ,PL-DNS(BREAD),90.00,83.471,81.510,3.559,87.229, 12.00 , 16.00 , 13.80 ,
5089    ,PL-VT28,80.00,71.043,72.712,3.956,72.554, 11.40 , 16.40 , 13.90 ,
5098    ,PL-CWRS 13.5%,80.00,71.745,71.210,3.311,75.185, 11.50 , 15.60 , 13.65 ,
5091    ,PL-VT28,80.00,75.310,75.453,4.268,79.205, 11.50 , 16.50 , 13.75 ,
5092    ,PL-VT28,90.00,65.320,65.279,3.700,70.504, 11.50 , 16.50 , 13.75 ,
5090    ,PL-VT28,80.00,75.327,75.003,4.183,79.311, 11.30 , 16.10 , 13.45 ,
5100    ,PL-VT28,80.00,75.307,75.035,4.019,79.123, 11.30 , 16.20 , 13.55 ,
5101    ,PL-VT28,90.00,85.323,85.789,4.574,89.927, 11.50 , 16.60 , 13.65 ,
5103    ,PL-VT28,80.00,75.309,76.106,3.945,79.352, 11.80 , 16.10 , 13.80 ,
5105    ,PL-ASW,80.00,75.755,76.450,4.363,80.746, 10.70 , 15.00 , 13.67 ,
5104    ,PL-VT28,80.00,69.472,69.888,3.627,73.515, 11.75 , 16.20 , 13.80 ,
5108    ,PL-DNS(BREAD),90.00,83.047,81.107,3.563,87.784, - , 16.20 , 13.60 ,
5106    ,PL-APH 14,80.00,75.272,74.791,4.787,80.997, 10.10 , 15.60 , 13.50 ,
5107    ,PL-APW10.5%,80.00,72.530,71.569,4.117,77.934, 10.80 , 15.10 , 13.55 ,
5117    ,PL-DNS(BREAD),90.00,80.097,78.809,3.403,84.378, 12.00 , 16.20 , 13.80 ,
5118    ,PL-CWRS 13.5%,80.00,75.844,74.339,3.297,79.963, 11.80 , 16.00 , 13.65 ,
5127    ,PL-VT34,90.00,85.302,85.823,4.332,90.086, 11.80 , 16.30 , 13.60 ,
5126    ,PL-VT34,90.00,83.537,82.648,4.118,86.905, 11.70 , 16.10 , 13.70 ,
5133    ,VITAL WHOLE WHEAT,650.00,649.028,644.517,0.007,668.708,,,,
5119    ,PL-VT28,,75.277,75.387,3.928,79.759,,,,
5139    ,PL-VT28,,85.373,85.379,4.094,,,,,
,,,,,,,,,,
,,,,,,,,,,
,,,,,,,,,,
,,,,,,,,,,
,,,,,,,,,,
,,,,,,,,,,
,,,,,,,,,,
,,,,,,,,,,
,,,,,,,,,,
,,,,,,,,,,
,,,,,,,,,,
,,,,,,,,,,
,,,,,,,,,,
,,,,,,,,,,
,,,,,,,,,,
,,,,,,,,,,
,,,,,,,,,,
,,,,,,,,,,
,,,,,,,,,,
,,,,,,,,,,
,,,,,,,,,,
,,,,,,,,,,
,,,,,,,,,,
,,,,,,,,,,
,,,,,,,,,,
,,,,,,,,,,
,,,,,,,,,,
,,,,,,,,,,
,,,,,,,,,,
,,,,,,,,,,
,,85110.000,80334.895,81224.292,3411.560," 83,269.61 ", 11.18 , 15.59 , 13.47 ,
,,,,,,,,,,
,,,,,,,,,,
,,,,,,,,,,
,,,,,,,,,,
,,,,,,,,,,
