Process	Line	Date	Start_Time	End_Time	Total_Time	Group
MILLING	A	07/01/2022	22:21	22:41	20	11
MILLING	A	07/01/2022	22:49	23:05	16	6
MILLING	A	08/01/2022	6:05	6:14	9	6
MILLING	A	08/01/2022	10:33	10:54	21	6
MILLING	A	08/01/2022	11:37	11:53	16	6
MILLING	A	10/01/2022	8:50	9:30	40	6
MILLING	A	11/01/2022	10:19	10:25	6	6
MILLING	A	12/01/2022	19:41	19:53	12	6
MILLING	A	13/01/2022	18:43	18:53	10	6
MILLING	A	14/01/2022	18:27	18:34	7	6
MILLING	A	17/01/2022	12:29	12:34	5	6
MILLING	A	18/01/2022	8:52	8:56	4	6
MILLING	A	18/01/2022	11:08	11:38	30	11
MILLING	A	20/01/2022	13:13	13:18	5	6
MILLING	A	20/01/2022	2:46	2:50	4	6
MILLING	A	20/01/2022	5:27	5:32	5	6
MILLING	A	22/01/2022	2:47	2:59	12	6
MILLING	A	23/01/2022	2:44	2:49	5	6
MILLING	A	25/01/2022	1:22	1:26	4	6
MILLING	A	25/01/2022	2:17	2:23	6	6
MILLING	A	25/01/2022	8:52	8:57	5	6
MILLING	A	25/01/2022	9:13	9:17	4	6
MILLING	A	26/01/2022	3:15	3:51	36	6
MILLING	A	27/01/2022	12:36	12:50	14	6
MILLING	A	28/01/2022	9:04	10:07	63	6
MILLING	A	28/01/2022	10:29	11:11	42	6
MILLING	A	28/01/2022	23:40	0:00	20	2
MILLING	A	29/01/2022	0:01	10:40	639	2
MILLING	A	29/01/2022	11:24	12:02	38	2
MILLING	A	29/01/2022	14:58	15:22	24	2
MILLING	A	31/01/2022	11:02	11:29	27	11
MILLING	A	04/02/2022	8:35	8:39	4	6
MILLING	A	04/02/2022	13:01	15:33	152	11
MILLING	A	04/02/2022	23:35	23:40	5	6
MILLING	A	05/02/2022	8:47	8:52	5	6
MILLING	A	05/02/2022	9:20	9:23	3	6
MILLING	A	05/02/2022	16:11	16:15	4	11
MILLING	A	05/02/2022	4:28	8:00	212	2
MILLING	A	07/02/2022	8:00	9:46	106	6
MILLING	A	07/02/2022	10:15	10:20	5	6
MILLING	A	08/02/2022	8:48	9:32	44	6
MILLING	A	10/02/2022	15:19	15:23	4	6
MILLING	A	11/02/2022	8:00	8:30	30	6
MILLING	A	11/02/2022	11:14	17:00	346	11
MILLING	A	11/02/2022	0:02	0:16	14	11
MILLING	A	11/02/2022	0:39	0:43	4	11
MILLING	A	14/02/2022	9:41	9:46	5	6
MILLING	A	14/02/2022	9:50	10:04	14	6
MILLING	A	14/02/2022	10:54	10:59	5	6
MILLING	A	14/02/2022	18:22	18:27	5	11
MILLING	A	14/02/2022	0:36	0:41	5	11
MILLING	A	16/02/2022	8:00	9:55	115	11
MILLING	A	17/02/2022	5:37	8:00	143	11
MILLING	A	18/02/2022	23:00	2:00	180	11
MILLING	A	19/02/2022	15:49	15:51	2	6
MILLING	A	19/02/2022	5:39	5:44	5	11
MILLING	A	24/02/2022	8:31	9:11	40	6
MILLING	A	25/02/2022	10:36	10:39	3	6
MILLING	A	25/02/2022	11:30	11:40	10	6
MILLING	A	26/02/2022	14:10	14:17	7	11
MILLING	A	03/03/2022	17:30	19:00	90	6
MILLING	A	03/03/2022	1:20	1:24	4	6
MILLING	A	05/03/2022	23:26	23:31	5	6
MILLING	A	07/03/2022	14:32	14:36	4	11
MILLING	A	08/03/2022	14:07	14:54	47	11
MILLING	A	08/03/2022	23:27	23:33	6	6
MILLING	A	08/03/2022	23:46	23:50	4	6
MILLING	A	08/03/2022	4:05	4:35	30	11
MILLING	A	08/03/2022	5:00	8:00	180	11
MILLING	A	09/03/2022	8:00	9:00	60	6
MILLING	A	09/03/2022	9:10	9:33	23	6
MILLING	A	09/03/2022	3:33	3:37	4	6
MILLING	A	09/03/2022	3:49	3:54	5	6
MILLING	A	09/03/2022	4:07	4:12	5	6
MILLING	A	10/03/2022	18:05	18:11	6	11
MILLING	A	10/03/2022	2:38	2:43	5	6
MILLING	A	10/03/2022	3:46	3:49	3	6
MILLING	A	11/03/2022	8:52	14:20	328	6
MILLING	A	14/03/2022	5:55	6:11	16	6
MILLING	A	16/03/2022	8:00	9:00	60	6
MILLING	A	16/03/2022	10:23	10:27	4	6
MILLING	A	16/03/2022	10:42	10:46	4	6
MILLING	A	16/03/2022	23:53	0:09	16	6
MILLING	A	17/03/2022	8:12	8:36	24	4
MILLING	A	18/03/2022	0:07	0:15	8	6
MILLING	A	18/03/2022	3:12	3:18	6	6
MILLING	A	19/03/2022	9:07	9:11	4	6
MILLING	A	19/03/2022	10:56	11:07	11	11
MILLING	A	19/03/2022	2:30	8:00	330	6
MILLING	A	22/03/2022	13:30	17:00	210	6
MILLING	A	23/03/2022	23:48	23:53	5	6
MILLING	A	23/03/2022	5:38	5:41	3	6
MILLING	A	24/03/2022	8:47	8:52	5	6
MILLING	A	25/03/2022	0:51	0:55	4	6
MILLING	A	25/03/2022	2:14	2:18	4	6
MILLING	A	28/03/2022	8:00	9:35	95	6
MILLING	A	28/03/2022	5:51	6:48	57	6
MILLING	A	29/03/2022	9:44	9:48	4	6
MILLING	A	29/03/2022	14:01	14:06	5	6
MILLING	A	29/03/2022	17:43	17:49	6	6
MILLING	A	29/03/2022	0:44	0:53	9	6
MILLING	A	29/03/2022	3:28	3:32	4	6
MILLING	A	30/03/2022	8:31	8:45	14	6
MILLING	A	30/03/2022	11:11	11:18	7	6
MILLING	A	30/03/2022	14:27	14:31	4	6
MILLING	A	30/03/2022	15:25	16:40	75	6
MILLING	A	30/03/2022	3:05	3:11	6	4
MILLING	A	30/03/2022	5:21	5:26	5	6
MILLING	A	31/03/2022	14:26	14:49	23	6
MILLING	A	31/03/2022	16:53	16:58	5	6
MILLING	A	01/04/2022	14:30	15:11	41	6
MILLING	A	04/04/2022	8:00	13:52	352	1
MILLING	A	04/04/2022	17:54	18:23	29	6
CLEANING	A	05/04/2022	14:40	16:00	80	1
MILLING	A	06/04/2022	13:30	13:55	25	6
MILLING	A	06/04/2022	10:50	11:04	14	6
MILLING	A	07/04/2022	9:06	9:16	10	6
MILLING	A	07/04/2022	15:54	16:14	20	6
MILLING	A	08/04/2022	9:29	9:55	26	6
MILLING	A	08/04/2022	16:51	17:01	10	6
MILLING	A	09/04/2022	11:00	12:44	104	4
MILLING	A	19/04/2022	4:20	4:39	19	6
MILLING	A	20/04/2022	8:21	9:11	50	6
MILLING	A	20/04/2022	11:57	12:25	28	6
MILLING	A	20/04/2022	14:21	15:07	46	6
MILLING	A	28/04/2022	15:17	15:33	16	1
MILLING	A	29/04/2022	23:04	23:18	14	6
MILLING	A	30/04/2022	12:26	12:55	29	6
MILLING	A	04/05/2022	15:41	16:10	29	6
MILLING	A	05/05/2022	4:13	4:25	12	6
MILLING	A	14/05/2022	22:11	22:30	19	6
MILLING	A	14/05/2022	21:06	21:43	37	6
MILLING	A	18/05/2022	18:56	20:13	77	6
MILLING	A	19/05/2022	7:26	7:40	14	6
MILLING	A	19/05/2022	8:19	8:47	28	6
MILLING	A	19/05/2022	4:42	5:00	18	6
MILLING	A	21/05/2022	9:45	10:05	20	6
MILLING	A	23/05/2022	14:30	15:29	59	6
MILLING	A	23/05/2022	15:37	15:48	11	6
MILLING	A	26/05/2022	12:30	12:47	17	6
MILLING	A	26/05/2022	15:30	16:00	30	6
MILLING	A	27/05/2022	0:18	1:31	73	6
MILLING	A	28/05/2022	10:17	10:40	23	6
MILLING	A	30/05/2022	21:26	21:43	17	6
MILLING	A	31/05/2022	5:05	6:01	56	6
MILLING	A	02/06/2022	14:58	15:12	14	6
MILLING	A	03/06/2022	14:47	16:16	89	6
MILLING	A	04/06/2022	6:32	7:15	43	6
MILLING	A	04/06/2022	4:25	4:37	12	6
MILLING	A	08/06/2022	11:57	12:10	13	6
MILLING	A	08/06/2022	22:09	23:16	67	4
MILLING	A	09/06/2022	0:36	1:20	44	6
MILLING	A	09/06/2022	1:59	2:23	24	6
MILLING	A	10/06/2022	2:29	3:06	37	6
MILLING	A	10/06/2022	5:23	5:37	14	6
MILLING	A	11/06/2022	10:14	10:30	16	6
MILLING	A	11/06/2022	15:07	15:20	13	6
MILLING	A	11/06/2022	23:16	23:26	10	6
MILLING	A	12/06/2022	3:12	4:57	105	6
MILLING	A	13/06/2022	8:00	9:00	60	6
MILLING	A	13/06/2022	14:34	14:46	12	6
MILLING	A	14/06/2022	17:11	17:21	10	4
MILLING	A	14/06/2022	18:04	18:26	22	6
MILLING	A	15/06/2022	5:50	9:00	190	6
MILLING	A	15/06/2022	11:42	12:08	26	6
MILLING	A	15/06/2022	14:23	15:06	43	4
MILLING	A	20/06/2022	8:06	8:19	13	6
MILLING	A	22/06/2022	1:42	2:00	18	6
MILLING	A	02/08/2022	5:05	5:40	35	6
MILLING	A	10/08/2022	8:29	8:56	27	6
MILLING	A	11/08/2022	18:40	20:00	80	1
MILLING	A	18/08/2022	20:32	20:47	15	2
MILLING	A	19/08/2022	8:21	8:43	22	4
MILLING	A	19/08/2022	20:12	20:00	"1,428"	1
MILLING	A	19/08/2022	20:00	23:59	239	1
MILLING	A	20/08/2022	0:00	1:00	60	1
MILLING	A	20/08/2022	1:00	8:00	420	1
MILLING	A	20/08/2022	8:00	12:00	240	1
MILLING	A	24/08/2022	11:52	12:06	14	6
MILLING	A	24/08/2022	21:38	22:08	30	5
MILLING	A	26/08/2022	0:36	2:50	134	2
MILLING	A	29/08/2022	19:07	19:18	11	6
MILLING	A	30/08/2022	1:36	2:28	52	1
MILLING	A	01/10/2022	8:01	8:34	33	2
MILLING	A	02/10/2022	14:17	14:32	15	6
MILLING	A	05/10/2022	8:07	8:24	17	6
MILLING	A	06/10/2022	14:00	18:00	240	2
MILLING	A	13/10/2022	17:44	18:15	31	6
MILLING	A	14/10/2022	17:36	18:06	30	6
MILLING	A	14/10/2022	19:21	19:32	11	6
MILLING	A	15/10/2022	23:00	1:30	150	2
MILLING	A	15/10/2022	1:55	1:59	4	2
MILLING	A	15/10/2022	3:09	4:50	101	2
MILLING	A	19/10/2022	15:45	16:09	24	6
MILLING	A	20/10/2022	12:00	14:10	130	4
MILLING	A	24/10/2022	0:41	0:51	10	6
MILLING	A	26/10/2022	12:15	15:15	180	6
MILLING	A	27/10/2022	13:21	13:52	31	2
MILLING	A	28/10/2022	13:37	13:57	20	6
MILLING	A	01/11/2022	14:56	16:15	79	6
MILLING	A	01/11/2022	15:40	17:00	80	6
MILLING	A	04/11/2022	12:20	17:00	280	6
MILLING	A	04/11/2022	23:12	0:21	69	1
MILLING	A	04/11/2022	0:38	0:49	11	6
MILLING	A	04/11/2022	1:33	5:21	228	2
MILLING	A	05/11/2022	23:01	23:13	12	6
MILLING	A	07/11/2022	17:30	17:53	23	6
MILLING	A	09/11/2022	9:50	15:00	310	1
MILLING	A	10/11/2022	13:48	14:04	16	2
MILLING	A	14/11/2022	19:01	19:13	12	6
MILLING	A	16/11/2022	6:00	6:16	16	6
MILLING	A	01/12/2022	13:34	13:46	12	1
MILLING	A	01/12/2022	13:50	14:17	27	1
MILLING	A	02/12/2022	22:56	23:28	32	6
MILLING	A	12/12/2022	8:00	13:00	300	6
MILLING	A	13/12/2022	8:17	8:37	20	6
MILLING	A	15/12/2022	14:53	17:00	127	6
MILLING	A	16/12/2022	23:00	1:10	130	6
MILLING	A	17/12/2022	23:00	0:35	95	6
MILLING	A	19/12/2022	23:00	4:00	300	6
MILLING	A	22/12/2022	0:00	8:00	480	6
MILLING	A	23/12/2022	23:00	3:00	240	6
MILLING	A	24/12/2022	17:00	17:00	 -   	6
MILLING	A	05/01/2023	4:52	8:00	188	6
MILLING	A	06/01/2023	8:00	8:10	10	6
MILLING	A	06/01/2023	9:48	9:54	6	6
MILLING	A	06/01/2023	15:33	16:34	61	6
MILLING	A	08/01/2023	1:54	2:46	52	6
MILLING	A	10/01/2023	18:34	18:43	9	6
MILLING	A	11/01/2023	23:00	2:30	210	11
MILLING	A	12/01/2023	11:40	12:39	59	6
MILLING	A	12/01/2023	13:27	13:58	31	6
MILLING	A	12/01/2023	15:26	17:00	94	11
MILLING	A	16/01/2023	8:00	17:00	540	11
MILLING	A	16/01/2023	23:00	3:00	240	11
MILLING	A	17/01/2023	9:16	9:35	19	6
MILLING	A	18/01/2023	11:00	17:00	360	11
MILLING	A	19/01/2023	12:30	17:00	270	11
MILLING	A	23/01/2023	9:00	9:41	41	6
MILLING	A	23/01/2023	23:00	1:00	120	11
MILLING	A	24/01/2023	10:11	10:32	21	6
MILLING	A	25/01/2023	23:00	4:00	300	11
MILLING	A	26/01/2023	8:44	13:35	291	11
MILLING	A	26/01/2023	23:00	1:00	120	11
MILLING	A	02/02/2023	4:00	8:00	240	11
MILLING	A	03/02/2023	8:00	17:00	540	11
MILLING	A	06/02/2023	8:00	17:00	540	11
MILLING	A	06/02/2023	23:00	8:00	540	11
MILLING	A	07/02/2023	11:50	12:02	12	11
MILLING	A	07/02/2023	23:00	0:00	60	11
MILLING	A	08/02/2023	13:30	17:00	210	11
MILLING	A	09/02/2023	8:00	17:00	540	11
MILLING	A	10/02/2023	8:00	17:00	540	11
MILLING	A	10/02/2023	23:33	23:43	10	6
MILLING	A	10/02/2023	23:50	0:01	11	6
MILLING	A	11/02/2023	2:20	3:33	73	11
MILLING	A	11/02/2023	10:39	10:46	7	6
MILLING	A	13/02/2023	8:00	17:00	540	11
MILLING	A	15/02/2023	15:25	18:00	155	11
MILLING	A	15/02/2023	0:50	1:21	31	6
MILLING	A	17/02/2023	13:15	17:00	225	11
MILLING	A	19/02/2023	5:28	5:34	6	11
MILLING	A	20/02/2023	8:00	17:00	540	11
MILLING	A	20/02/2023	23:00	23:43	43	6
MILLING	A	21/02/2023	23:10	23:41	31	1
MILLING	A	22/02/2023	9:43	10:38	55	11
MILLING	A	22/02/2023	13:12	13:35	23	11
MILLING	A	22/02/2023	7:56	8:12	16	6
MILLING	A	23/02/2023	8:07	11:37	210	11
MILLING	A	23/02/2023	15:16	15:26	10	11
MILLING	A	27/02/2023	8:00	17:00	540	11
MILLING	A	01/03/2023	15:19	15:35	16	6
MILLING	A	02/03/2023	3:02	3:16	14	6
MILLING	A	02/03/2023	3:32	3:50	18	6
MILLING	A	02/03/2023	23:41	0:10	29	3
MILLING	A	08/03/2023	11:47	12:10	23	6
MILLING	A	08/03/2023	12:45	13:00	15	3
MILLING	A	08/03/2023	14:38	14:50	12	6
MILLING	A	10/03/2023	0:30	0:40	10	6
MILLING	A	10/03/2023	2:55	3:15	20	6
MILLING	A	10/03/2023	5:32	6:21	49	6
MILLING	A	10/03/2023	13:58	14:28	30	6
MILLING	A	11/03/2023	10:27	10:35	8	6
MILLING	A	11/03/2023	18:30	19:54	84	6
MILLING	A	12/03/2023	12:03	12:20	17	6
MILLING	A	13/03/2023	11:24	11:52	28	6
MILLING	A	14/03/2023	1:10	1:25	15	6
MILLING	A	14/03/2023	13:00	13:25	25	6
MILLING	A	15/03/2023	8:00	17:00	540	11
MILLING	A	16/03/2023	0:00	8:00	480	11
MILLING	A	18/03/2023	0:20	1:14	54	6
MILLING	A	20/03/2023	23:00	8:00	540	11
MILLING	A	22/03/2023	12:10	15:07	177	6
MILLING	A	22/03/2023	15:35	16:13	38	6
MILLING	A	31/03/2023	10:28	10:44	16	5
MILLING	A	31/03/2023	23:00	3:00	240	11
MILLING	A	03/04/2023	10:27	10:43	16	6
MILLING	A	05/04/2023	22:09	22:20	11	6
MILLING	A	05/04/2023	22:25	22:36	11	6
MILLING	A	06/04/2023	3:24	3:29	5	6
MILLING	A	07/04/2023	19:52	21:31	99	2
MILLING	A	17/04/2023	8:00	19:00	660	11
MILLING	A	20/04/2023	21:56	22:21	25	6
MILLING	A	20/04/2023	5:45	6:04	19	6
MILLING	A	25/04/2023	8:01	8:09	8	6
MILLING	A	25/04/2023	23:39	23:48	9	6
MILLING	A	28/04/2023	7:09	7:13	4	6
MILLING	A	29/04/2023	13:42	13:48	6	6
MILLING	A	29/04/2023	13:53	14:05	12	6
MILLING	A	29/04/2023	16:22	16:28	6	6
MILLING	A	29/04/2023	16:40	16:53	13	6
MILLING	A	02/05/2023	8:00	18:00	600	6
MILLING	A	05/05/2023	7:20	8:00	40	6
MILLING	A	06/05/2023	8:00	11:00	180	6
MILLING	A	10/05/2023	2:19	2:34	15	6
MILLING	A	17/05/2023	19:00	20:00	60	6
MILLING	A	17/05/2023	20:00	21:25	85	6
MILLING	A	18/05/2023	20:09	20:27	18	6
MILLING	A	19/05/2023	10:46	11:15	29	6
MILLING	A	24/05/2023	23:30	0:13	43	6
MILLING	A	26/05/2023	13:46	14:35	49	6
MILLING	A	26/05/2023	16:36	16:41	5	6
MILLING	A	26/05/2023	23:50	0:16	26	1
MILLING	A	30/05/2023	6:46	6:56	10	6
MILLING	A	30/05/2023	7:11	7:23	12	6
MILLING	A	31/05/2023	11:56	12:08	12	6
MILLING	A	31/05/2023	18:22	18:27	5	6
MILLING	A	07/06/2023	11:46	11:58	12	6
MILLING	A	08/06/2023	13:30	17:00	210	6
MILLING	A	08/06/2023	20:10	20:50	40	3
MILLING	A	08/06/2023	21:14	21:24	10	6
MILLING	A	09/06/2023	15:00	17:00	120	6
MILLING	A	09/06/2023	0:30	0:36	6	6
MILLING	A	09/06/2023	1:23	1:38	15	6
MILLING	A	10/06/2023	15:00	16:30	90	6
MILLING	A	13/06/2023	14:11	14:31	20	6
MILLING	A	14/06/2023	11:00	11:41	41	6
MILLING	A	16/06/2023	23:00	3:50	290	6
MILLING	A	19/06/2023	8:00	9:20	80	6
MILLING	A	21/06/2023	15:30	18:00	150	6
MILLING	A	22/06/2023	0:28	0:45	17	6
MILLING	A	23/06/2023	12:40	14:05	85	6
MILLING	A	23/06/2023	15:45	17:00	75	6
MILLING	A	29/06/2023	14:03	14:10	7	6
MILLING	A	29/06/2023	14:18	14:38	20	6
MILLING	A	29/06/2023	23:00	8:00	540	6
MILLING	A	01/07/2023	12:00	17:00	300	6
MILLING	A	03/07/2023	11:25	11:42	17	6
MILLING	A	03/07/2023	11:49	11:55	6	6
MILLING	A	03/07/2023	12:39	12:50	11	6
MILLING	A	03/07/2023	13:01	13:20	19	6
MILLING	A	03/07/2023	22:56	23:02	6	6
MILLING	A	06/07/2023	23:28	23:33	5	6
MILLING	A	08/07/2023	6:00	8:00	120	6
MILLING	A	10/07/2023	8:00	9:45	105	6
MILLING	A	11/07/2023	10:00	11:00	60	6
MILLING	A	12/07/2023	14:30	17:00	150	6
MILLING	A	13/07/2023	18:15	19:20	65	6
MILLING	A	13/07/2023	9:16	11:50	154	11
MILLING	A	14/07/2023	5:34	5:41	7	6
MILLING	A	15/07/2023	10:26	10:35	9	6
MILLING	A	15/07/2023	11:34	14:08	154	6
MILLING	A	15/07/2023	13:38	14:20	42	6
MILLING	A	16/07/2023	13:54	13:59	5	6
MILLING	A	17/07/2023	9:31	9:36	5	6
MILLING	A	17/07/2023	10:22	10:29	7	6
MILLING	A	17/07/2023	15:15	15:25	10	6
MILLING	A	18/07/2023	7:01	7:09	8	6
MILLING	A	18/07/2023	20:30	20:42	12	6
MILLING	A	20/07/2023	6:39	8:00	81	6
MILLING	A	21/07/2023	8:00	17:00	540	6
MILLING	A	21/07/2023	23:01	23:35	34	6
MILLING	A	22/07/2023	1:40	1:45	5	6
MILLING	A	22/07/2023	8:00	17:00	540	6
MILLING	A	23/07/2023	1:51	1:57	6	6
MILLING	A	23/07/2023	6:13	7:37	84	6
MILLING	A	24/07/2023	21:29	22:19	50	6
MILLING	A	27/07/2023	20:26	20:36	10	6
MILLING	A	27/07/2023	20:42	20:52	10	6
MILLING	A	28/07/2023	22:05	22:55	50	6
MILLING	A	01/08/2023	9:40	9:55	15	6
MILLING	A	04/08/2023	23:48	23:53	5	6
MILLING	A	05/08/2023	12:28	12:44	16	6
MILLING	A	06/08/2023	5:52	6:03	11	6
MILLING	A	06/08/2023	6:10	6:16	6	6
MILLING	A	06/08/2023	8:49	9:09	20	6
MILLING	A	06/08/2023	0:19	0:27	8	6
MILLING	A	09/08/2023	20:00	22:34	154	6
MILLING	A	09/08/2023	23:07	23:17	10	6
MILLING	A	13/08/2023	16:35	17:00	25	11
MILLING	A	14/08/2023	14:48	15:40	52	11
MILLING	A	15/08/2023	3:02	4:50	108	1
MILLING	A	15/08/2023	20:35	20:44	9	6
MILLING	A	16/08/2023	10:41	10:46	5	6
MILLING	A	17/08/2023	4:23	4:29	6	6
MILLING	A	18/08/2023	1:32	1:36	4	6
MILLING	A	18/08/2023	16:56	17:02	6	6
MILLING	A	18/08/2023	22:04	22:10	6	6
MILLING	A	19/08/2023	16:52	17:09	17	6
MILLING	A	20/08/2023	14:53	14:58	5	6
MILLING	A	20/08/2023	15:11	15:33	22	6
MILLING	A	20/08/2023	22:14	22:27	13	1
MILLING	A	21/08/2023	0:35	0:52	17	6
MILLING	A	21/08/2023	1:52	2:06	14	6
MILLING	A	21/08/2023	6:55	7:03	8	1
MILLING	A	22/08/2023	12:52	12:57	5	1
MILLING	A	22/08/2023	13:12	13:35	23	1
MILLING	A	23/08/2023	14:37	14:42	5	6
MILLING	A	24/08/2023	8:00	9:10	70	6
MILLING	A	24/08/2023	17:00	20:00	180	6
MILLING	A	24/08/2023	15:21	15:57	36	11
MILLING	A	24/07/2023	17:30	17:46	16	11
MILLING	A	25/08/2023	3:10	3:50	40	6
MILLING	A	25/08/2023	16:30	17:00	30	11
MILLING	A	25/08/2023	17:30	18:20	50	11
MILLING	A	26/08/2023	5:35	5:50	15	6
MILLING	A	26/08/2023	22:30	23:10	40	6
MILLING	A	26/08/2023	23:00	3:00	240	6
MILLING	A	28/08/2023	18:29	20:00	91	6
MILLING	A	28/08/2023	20:00	20:13	13	6
MILLING	A	29/08/2023	17:28	17:35	7	6
MILLING	A	01/09/2023	7:08	7:13	5	6
MILLING	A	02/09/2023	9:27	9:41	14	1
MILLING	A	04/09/2023	16:15	16:23	8	3
MILLING	A	05/09/2023	11:05	11:10	5	11
MILLING	A	09/09/2023	17:10	18:00	50	11
MILLING	A	12/09/2023	12:20	12:26	6	6
MILLING	A	12/09/2023	12:28	12:33	5	6
MILLING	A	12/09/2023	20:14	20:19	5	6
MILLING	A	13/09/2023	13:25	13:46	21	6
MILLING	A	13/09/2023	18:02	18:07	5	6
MILLING	A	15/09/2023	18:23	18:28	5	6
MILLING	A	15/09/2023	18:34	19:04	30	6
MILLING	A	16/09/2023	0:03	0:08	5	6
MILLING	A	16/09/2023	1:10	1:18	8	6
MILLING	A	18/09/2023	0:28	1:04	36	6
MILLING	A	18/09/2023	16:57	17:03	6	6
MILLING	A	19/09/2023	13:28	14:02	34	6
MILLING	A	19/09/2023	15:54	16:03	9	6
MILLING	A	21/09/2023	10:50	11:00	10	6
MILLING	A	21/09/2023	15:29	15:35	6	6
MILLING	A	22/09/2023	14:00	18:00	240	11
MILLING	A	22/09/2023	18:00	20:00	120	5
MILLING	A	22/09/2023	20:00	1:15	315	5
MILLING	A	24/09/2023	15:51	16:20	29	6
MILLING	A	24/09/2023	16:50	17:00	10	6
MILLING	A	25/09/2023	10:15	11:00	45	6
MILLING	A	26/09/2023	22:50	23:40	50	11
MILLING	A	27/09/2023	20:14	21:20	66	3
MILLING	A	28/09/2023	18:13	22:56	283	5
MILLING	A	29/09/2023	16:53	16:58	5	6
MILLING	A	30/09/2023	9:55	10:01	6	6
MILLING	A	30/09/2023	10:02	10:07	5	6
MILLING	A	02/10/2023	12:19	12:33	14	6
MILLING	A	02/10/2023	18:03	18:13	10	6
MILLING	A	03/10/2023	3:32	3:53	21	6
MILLING	A	03/10/2023	10:40	10:47	7	6
MILLING	A	03/10/2023	11:42	11:49	7	6
MILLING	A	03/10/2023	19:10	19:18	8	6
MILLING	A	04/10/2023	12:33	12:41	8	6
MILLING	A	04/10/2023	15:22	18:54	212	6
MILLING	A	06/10/2023	2:55	3:42	47	6
MILLING	A	07/10/2023	9:00	10:30	90	6
MILLING	A	08/10/2023	22:50	1:45	175	5
MILLING	A	09/10/2023	20:00	20:20	20	11
MILLING	A	10/10/2023	15:03	15:08	5	6
MILLING	A	10/10/2023	7:12	7:22	10	6
MILLING	A	14/10/2023	8:09	8:29	20	6
MILLING	A	16/10/2023	8:00	10:29	149	8
MILLING	A	16/10/2023	11:55	12:07	12	6
MILLING	A	17/10/2023	1:13	1:24	11	1
MILLING	A	17/10/2023	8:30	8:40	10	6
MILLING	A	17/10/2023	9:30	9:40	10	6
MILLING	A	17/10/2023	17:15	17:21	6	6
MILLING	A	19/10/2023	3:41	3:51	10	4
MILLING	A	20/10/2023	3:00	8:00	300	6
MILLING	A	20/10/2023	5:30	5:50	20	11
MILLING	A	20/10/2023	6:45	7:30	45	11
MILLING	A	22/10/2023	5:45	6:10	25	11
MILLING	A	24/10/2023	14:50	15:00	10	6
MILLING	A	25/10/2023	2:03	2:42	39	6
MILLING	A	26/10/2023	1:15	1:28	13	6
MILLING	A	26/10/2023	6:52	7:21	29	4
MILLING	A	26/10/2023	13:10	13:51	41	4
MILLING	A	26/10/2023	14:07	14:30	23	4
MILLING	A	26/10/2023	16:03	16:19	16	4
MILLING	A	27/10/2023	10:52	10:57	5	6
MILLING	A	28/10/2023	7:07	7:13	6	6
MILLING	A	28/10/2023	21:49	21:54	5	6
MILLING	A	30/10/2023	8:00	9:27	87	7
MILLING	A	30/10/2023	9:27	9:55	28	8
MILLING	A	03/11/2023	6:00	8:00	120	6
MILLING	A	03/11/2023	11:40	13:40	120	8
MILLING	A	04/11/2023	14:14	14:34	20	11
MILLING	A	05/11/2023	3:04	3:15	11	6
MILLING	A	05/11/2023	6:25	6:37	12	6
MILLING	A	05/11/2023	6:40	8:00	80	6
MILLING	A	08/11/2023	21:33	21:52	19	6
MILLING	A	08/11/2023	22:22	22:32	10	6
MILLING	A	15/11/2023	10:18	11:24	66	6
MILLING	A	15/11/2023	20:26	22:40	134	6
MILLING	A	16/11/2023	16:47	17:28	41	6
MILLING	A	20/11/2023	18:28	18:40	12	6
MILLING	A	20/11/2023	18:42	19:00	18	6
MILLING	A	21/11/2023	3:49	3:59	10	6
MILLING	A	22/11/2023	16:30	16:59	29	6
MILLING	A	22/11/2023	22:29	22:49	20	6
MILLING	A	22/11/2023	3:30	3:50	20	6
MILLING	A	22/11/2023	22:29	22:43	14	6
MILLING	A	22/11/2023	6:53	8:00	67	6
MILLING	A	25/11/2023	14:43	17:00	137	8
MILLING	A	26/11/2023	17:20	18:43	83	6
MILLING	A	27/11/2023	8:00	10:04	124	11
MILLING	A	27/11/2023	10:04	10:28	24	1
MILLING	A	27/11/2023	23:00	3:00	240	6
MILLING	A	02/12/2023	11:55	12:50	55	8
MILLING	A	02/12/2023	16:05	17:05	60	8
MILLING	A	04/12/2023	1:50	3:30	100	11
MILLING	A	06/12/2023	12:05	12:15	10	6
MILLING	A	08/12/2023	22:32	22:59	27	4
MILLING	A	08/12/2023	23:43	23:53	10	4
MILLING	A	11/12/2023	1:39	1:52	13	6
MILLING	A	11/12/2023	2:37	3:50	73	6
MILLING	A	11/12/2023	5:28	5:41	13	6
MILLING	A	11/12/2023	5:50	6:07	17	6
MILLING	A	11/12/2023	6:09	8:00	111	6
MILLING	A	13/12/2023	20:47	21:00	13	6
MILLING	A	14/12/2023	2:23	2:41	18	6
MILLING	A	14/12/2023	3:04	3:19	15	6
MILLING	A	16/12/2023	10:00	11:30	90	11
MILLING	A	17/12/2023	22:42	23:05	23	6
MILLING	A	18/12/2023	7:30	8:00	30	7
MILLING	A	18/12/2023	8:00	9:23	83	7
MILLING	A	19/12/2023	10:00	11:30	90	11
MILLING	A	20/12/2023	9:19	9:30	11	6
MILLING	A	21/12/2023	3:51	4:04	13	6
MILLING	A	21/12/2023	4:17	4:33	16	6
MILLING	A	21/12/2023	4:36	4:46	10	6
MILLING	A	21/12/2023	4:59	5:19	20	6
MILLING	A	22/12/2023	7:29	7:39	10	6
MILLING	A	22/12/2023	8:02	8:12	10	6
MILLING	A	03/01/2024	8:00	20:00	720	7
MILLING	A	03/01/2024	20:00	23:59	239	7
MILLING	A	04/01/2024	0:00	8:00	480	7
MILLING	A	04/01/2024	8:00	20:00	720	7
MILLING	A	04/01/2024	20:00	23:59	239	7
MILLING	A	05/01/2024	8:00	20:00	720	7
MILLING	A	08/01/2024	10:12	11:08	56	6
MILLING	A	10/01/2024	20:46	21:24	38	6
MILLING	A	14/01/2024	10:11	12:52	161	6
MILLING	A	14/01/2024	12:55	13:06	11	6
MILLING	A	14/01/2024	23:00	2:00	180	6
MILLING	A	16/01/2024	10:55	11:05	10	6
MILLING	A	18/01/2024	2:10	8:00	350	11
MILLING	A	20/01/2024	9:22	9:39	17	6
MILLING	A	20/01/2024	20:00	21:00	60	11
MILLING	A	22/01/2024	11:52	13:25	93	6
MILLING	A	22/01/2024	13:27	13:38	11	6
MILLING	A	25/01/2024	23:00	23:59	59	7
MILLING	A	26/01/2024	0:00	8:00	480	7
MILLING	A	26/01/2024	8:00	17:00	540	7
MILLING	A	26/01/2024	23:00	23:59	59	7
MILLING	A	27/01/2024	0:00	8:00	480	7
MILLING	A	27/01/2024	8:00	17:00	540	7
MILLING	A	27/01/2024	23:00	23:59	59	7
MILLING	A	28/01/2024	0:00	8:00	480	7
MILLING	A	29/01/2024	8:00	9:22	82	7
MILLING	A	29/01/2024	9:50	10:00	10	6
MILLING	A	30/01/2024	12:58	13:23	25	6
MILLING	A	31/01/2024	13:05	13:27	22	6
MILLING	A	01/02/2024	15:24	17:19	115	6
MILLING	A	01/02/2024	19:11	20:00	49	6
MILLING	A	06/02/2024	12:42	14:42	120	6
MILLING	A	08/02/2024	9:12	9:20	8	6
MILLING	A	09/02/2024	7:37	7:42	5	6
MILLING	A	09/02/2024	10:10	10:35	25	6
MILLING	A	09/02/2024	18:56	19:06	10	6
MILLING	A	10/02/2024	1:43	2:06	23	6
MILLING	A	10/02/2024	3:40	3:45	5	6
MILLING	A	10/02/2024	6:11	6:16	5	6
MILLING	A	10/02/2024	7:39	7:44	5	6
MILLING	A	10/02/2024	14:00	14:06	6	6
MILLING	A	13/02/2024	16:40	16:45	5	6
MILLING	A	15/02/2024	8:48	8:54	6	6
MILLING	A	15/02/2024	9:40	10:01	21	6
MILLING	A	15/02/2024	20:00	2:00	360	8
MILLING	A	16/02/2024	2:05	2:25	20	6
MILLING	A	16/02/2024	9:31	9:37	6	6
MILLING	A	16/02/2024	9:41	9:50	9	6
MILLING	A	16/02/2024	10:30	10:36	6	6
MILLING	A	16/02/2024	11:04	11:39	35	6
MILLING	A	16/02/2024	19:00	20:00	60	8
MILLING	A	16/02/2024	20:00	23:00	180	8
MILLING	A	17/02/2024	22:50	23:10	20	6
MILLING	A	17/02/2024	0:13	0:18	5	6
MILLING	A	19/02/2024	14:16	14:22	6	6
MILLING	A	19/02/2024	17:27	20:00	153	6
MILLING	A	19/02/2024	20:00	2:12	372	6
MILLING	A	20/02/2024	13:49	14:09	20	6
MILLING	A	20/02/2024	14:16	14:37	21	6
MILLING	A	20/02/2024	14:57	15:02	5	6
MILLING	A	20/02/2024	15:11	15:50	39	6
MILLING	A	21/02/2024	3:34	3:39	5	6
MILLING	A	21/02/2024	6:27	7:38	71	6
MILLING	A	21/02/2024	14:50	17:00	130	8
MILLING	A	21/02/2024	23:03	23:14	11	6
MILLING	A	22/02/2024	2:18	3:21	63	11
MILLING	A	22/02/2024	17:50	18:00	10	6
MILLING	A	22/02/2024	18:07	18:13	6	6
MILLING	A	25/02/2024	10:56	11:04	8	6
MILLING	A	27/02/2024	0:11	0:19	8	6
MILLING	A	27/02/2024	15:32	15:37	5	6
MILLING	A	28/02/2024	3:59	4:04	5	6
MILLING	A	28/02/2024	8:35	9:34	59	6
MILLING	A	28/02/2024	9:54	9:59	5	6
MILLING	A	28/02/2024	21:36	22:31	55	6
MILLING	A	28/02/2024	6:05	8:00	115	6
MILLING	A	01/03/2024	10:00	10:05	5	6
MILLING	A	01/03/2024	16:01	16:28	27	6
MILLING	A	02/03/2024	17:09	17:49	40	6
MILLING	A	03/03/2024	10:21	10:27	6	6
MILLING	A	03/03/2024	19:26	20:00	34	6
MILLING	A	03/03/2024	22:42	22:50	8	6
MILLING	A	03/03/2024	3:54	4:27	33	6
MILLING	A	04/03/2024	22:57	23:17	20	6
MILLING	A	05/03/2024	1:21	5:20	239	6
MILLING	A	07/03/2024	23:00	23:55	55	8
MILLING	A	08/03/2024	3:10	3:15	5	6
MILLING	A	08/03/2024	9:08	9:14	6	6
MILLING	A	08/03/2024	22:00	23:13	73	8
MILLING	A	09/03/2024	8:58	9:03	5	6
MILLING	A	11/03/2024	4:43	4:50	7	6
MILLING	A	12/03/2024	7:03	7:16	13	6
MILLING	A	14/03/2024	8:00	9:50	110	8
MILLING	A	14/03/2024	10:15	10:20	5	6
MILLING	A	15/03/2024	16:01	16:14	13	6
MILLING	A	15/03/2024	16:28	16:37	9	6
MILLING	A	16/03/2024	10:47	11:07	20	6
MILLING	A	17/03/2024	5:31	8:00	149	11
MILLING	A	17/03/2024	10:50	11:05	15	6
MILLING	A	19/03/2024	11:00	11:50	50	6
MILLING	A	20/03/2024	7:15	8:00	45	11
MILLING	A	20/03/2024	8:00	8:38	38	11
MILLING	A	20/03/2024	9:07	12:30	203	11
MILLING	A	20/03/2024	13:30	13:59	29	11
MILLING	A	20/03/2024	15:40	16:00	20	11
MILLING	A	21/03/2024	13:30	15:30	120	11
MILLING	A	22/03/2024	8:59	9:06	7	6
MILLING	A	22/03/2024	10:12	10:23	11	6
MILLING	A	23/03/2024	0:11	8:00	469	11
MILLING	A	23/03/2024	8:00	13:44	344	11
MILLING	A	23/03/2024	14:38	16:06	88	11
MILLING	A	23/03/2024	18:00	20:00	120	6
MILLING	A	23/03/2024	20:01	20:47	46	6
MILLING	A	23/03/2024	23:28	23:34	6	6
MILLING	A	23/03/2024	1:12	1:28	16	6
MILLING	A	25/03/2024	17:46	18:17	31	6
MILLING	A	26/03/2024	7:38	7:43	5	6
MILLING	A	26/03/2024	9:54	11:31	97	6
MILLING	A	26/03/2024	11:32	11:45	13	6
MILLING	A	26/03/2024	19:48	19:53	5	6
MILLING	A	27/03/2024	10:33	10:39	6	6
MILLING	A	27/03/2024	11:33	11:39	6	6
MILLING	A	28/03/2024	11:49	11:56	7	6
MILLING	A	29/03/2024	0:18	0:24	6	6
MILLING	A	29/03/2024	15:00	16:00	60	11
MILLING	A	31/03/2024	4:27	4:49	22	11
MILLING	A	31/03/2024	18:03	18:38	35	3
MILLING	A	01/03/2024	5:45	7:02	77	11
